{
    "version": "0.4",
    "title": "Global Kit Styles",
    "type": "section",
    "metadata": {
        "template_type": "global-styles",
        "include_in_zip": "1",
        "elementor_pro_required": "1",
        "additional_template_information": [
            "These are the global theme styles configured through the Elementor Theme Styles area."
        ],
        "wp_page_template": "default"
    },
    "content": [],
    "page_settings": {
        "system_colors": [
            {
                "_id": "primary",
                "title": "Primary",
                "color": "#6EC1E4"
            },
            {
                "_id": "secondary",
                "title": "Secondary",
                "color": "#54595F"
            },
            {
                "_id": "text",
                "title": "Text",
                "color": "#4B4B69"
            },
            {
                "_id": "accent",
                "title": "Accent",
                "color": "#61CE70"
            }
        ],
        "custom_colors": [
            {
                "_id": "dea41e4",
                "title": "Vella - Primary",
                "color": "#6D6DEB"
            },
            {
                "_id": "a185853",
                "title": "Vella - Secondary",
                "color": "#EB6DEB"
            },
            {
                "_id": "308e809",
                "title": "Vella - text",
                "color": "#4B4B69"
            },
            {
                "_id": "a291686",
                "title": "Light",
                "color": "#FBFBFE"
            },
            {
                "_id": "91455cb",
                "title": "Dark",
                "color": "#070735"
            },
            {
                "_id": "102ed2d",
                "title": "Vella - Tertiary",
                "color": "#EFE4D9"
            },
            {
                "_id": "bf23360",
                "title": "subtle text",
                "color": "#6E6E8B"
            },
            {
                "_id": "c362cef",
                "title": "muted text",
                "color": "#8F8FB0"
            }
        ],
        "system_typography": [
            {
                "_id": "primary",
                "title": "Primary",
                "typography_typography": "custom",
                "typography_font_family": "Roboto",
                "typography_font_weight": "600"
            },
            {
                "_id": "secondary",
                "title": "Secondary",
                "typography_typography": "custom",
                "typography_font_family": "Roboto Slab",
                "typography_font_weight": "400"
            },
            {
                "_id": "text",
                "title": "Text",
                "typography_typography": "custom",
                "typography_font_family": "Roboto",
                "typography_font_weight": "400"
            },
            {
                "_id": "accent",
                "title": "Accent",
                "typography_typography": "custom",
                "typography_font_family": "Roboto",
                "typography_font_weight": "500"
            }
        ],
        "custom_typography": [
            {
                "_id": "b2ce6af",
                "title": "body",
                "typography_typography": "custom",
                "typography_font_family": "Nunito Sans",
                "typography_font_size": {
                    "unit": "px",
                    "size": 16,
                    "sizes": []
                },
                "typography_line_height": {
                    "unit": "px",
                    "size": 22,
                    "sizes": []
                },
                "typography_font_size_tablet": {
                    "unit": "px",
                    "size": 15,
                    "sizes": []
                },
                "typography_font_size_mobile": {
                    "unit": "px",
                    "size": 14,
                    "sizes": []
                },
                "typography_font_weight": "400",
                "typography_line_height_mobile": {
                    "unit": "px",
                    "size": 17,
                    "sizes": []
                }
            },
            {
                "_id": "69c152f",
                "title": "small",
                "typography_typography": "custom",
                "typography_font_family": "Nunito Sans",
                "typography_font_size": {
                    "unit": "px",
                    "size": 14,
                    "sizes": []
                },
                "typography_line_height": {
                    "unit": "em",
                    "size": 1,
                    "sizes": []
                },
                "typography_font_size_tablet": {
                    "unit": "px",
                    "size": 13,
                    "sizes": []
                },
                "typography_font_size_mobile": {
                    "unit": "px",
                    "size": 12,
                    "sizes": []
                }
            },
            {
                "_id": "520c191",
                "title": "Header",
                "typography_typography": "custom",
                "typography_font_family": "Heebo",
                "typography_font_size": {
                    "unit": "px",
                    "size": 15,
                    "sizes": []
                },
                "typography_font_weight": "500",
                "typography_font_size_mobile": {
                    "unit": "px",
                    "size": 14,
                    "sizes": []
                }
            },
            {
                "_id": "583e54c",
                "title": "H1",
                "typography_typography": "custom",
                "typography_font_family": "Nunito Sans",
                "typography_font_size": {
                    "unit": "px",
                    "size": 64,
                    "sizes": []
                },
                "typography_font_weight": "900",
                "typography_line_height": {
                    "unit": "px",
                    "size": 54,
                    "sizes": []
                },
                "typography_letter_spacing": {
                    "unit": "px",
                    "size": -1.899999999999999911182158029987476766109466552734375,
                    "sizes": []
                },
                "typography_font_size_tablet": {
                    "unit": "px",
                    "size": 48,
                    "sizes": []
                },
                "typography_font_size_mobile": {
                    "unit": "px",
                    "size": 38,
                    "sizes": []
                },
                "typography_line_height_mobile": {
                    "unit": "px",
                    "size": 37,
                    "sizes": []
                }
            },
            {
                "_id": "5d167aa",
                "title": "H2",
                "typography_typography": "custom",
                "typography_font_family": "Nunito Sans",
                "typography_font_size": {
                    "unit": "px",
                    "size": 48,
                    "sizes": []
                },
                "typography_font_weight": "700",
                "typography_line_height": {
                    "unit": "px",
                    "size": 54.5,
                    "sizes": []
                },
                "typography_font_size_tablet": {
                    "unit": "px",
                    "size": 36,
                    "sizes": []
                },
                "typography_font_size_mobile": {
                    "unit": "px",
                    "size": 28,
                    "sizes": []
                },
                "typography_letter_spacing": {
                    "unit": "px",
                    "size": -2.560000000000000053290705182007513940334320068359375,
                    "sizes": []
                }
            },
            {
                "_id": "d3dae9a",
                "title": "H3",
                "typography_typography": "custom",
                "typography_font_family": "Nunito Sans",
                "typography_font_size": {
                    "unit": "px",
                    "size": 24,
                    "sizes": []
                },
                "typography_font_weight": "bold",
                "typography_line_height": {
                    "unit": "px",
                    "size": 32.74000000000000198951966012828052043914794921875,
                    "sizes": []
                },
                "typography_font_size_tablet": {
                    "unit": "px",
                    "size": 24,
                    "sizes": []
                },
                "typography_font_size_mobile": {
                    "unit": "px",
                    "size": 24,
                    "sizes": []
                },
                "typography_letter_spacing": {
                    "unit": "px",
                    "size": -0.479999999999999982236431605997495353221893310546875,
                    "sizes": []
                }
            },
            {
                "_id": "83682a1",
                "title": "subtitle",
                "typography_typography": "custom",
                "typography_font_family": "Nunito Sans",
                "typography_font_size": {
                    "unit": "px",
                    "size": 24,
                    "sizes": []
                },
                "typography_font_weight": "normal",
                "typography_line_height": {
                    "unit": "px",
                    "size": 32.74000000000000198951966012828052043914794921875,
                    "sizes": []
                },
                "typography_font_size_tablet": {
                    "unit": "px",
                    "size": 18,
                    "sizes": []
                },
                "typography_font_size_mobile": {
                    "unit": "px",
                    "size": 18,
                    "sizes": []
                }
            },
            {
                "_id": "7044a64",
                "title": "bold",
                "typography_typography": "custom",
                "typography_font_family": "Nunito Sans",
                "typography_font_size": {
                    "unit": "px",
                    "size": 16,
                    "sizes": []
                },
                "typography_font_weight": "bold",
                "typography_font_size_tablet": {
                    "unit": "px",
                    "size": 16,
                    "sizes": []
                },
                "typography_font_size_mobile": {
                    "unit": "px",
                    "size": 14,
                    "sizes": []
                }
            },
            {
                "_id": "84ca66e",
                "title": "pretitle",
                "typography_typography": "custom",
                "typography_font_family": "Nunito Sans",
                "typography_font_size": {
                    "unit": "px",
                    "size": 10,
                    "sizes": []
                },
                "typography_font_weight": "bold",
                "typography_line_height": {
                    "unit": "em",
                    "size": "",
                    "sizes": []
                },
                "typography_letter_spacing": {
                    "unit": "px",
                    "size": 0.7199999999999999733546474089962430298328399658203125,
                    "sizes": []
                },
                "typography_font_size_tablet": {
                    "unit": "px",
                    "size": 13,
                    "sizes": []
                },
                "typography_font_size_mobile": {
                    "unit": "px",
                    "size": 12,
                    "sizes": []
                }
            },
            {
                "_id": "112b6c4",
                "title": "Footer",
                "typography_typography": "custom",
                "typography_font_family": "Heebo",
                "typography_font_size": {
                    "unit": "px",
                    "size": 13,
                    "sizes": []
                },
                "typography_font_weight": "300",
                "typography_font_size_tablet": {
                    "unit": "px",
                    "size": 12,
                    "sizes": []
                },
                "typography_font_size_mobile": {
                    "unit": "px",
                    "size": 11,
                    "sizes": []
                }
            },
            {
                "_id": "6158181",
                "title": "link",
                "typography_typography": "custom",
                "typography_font_family": "Nunito Sans",
                "typography_font_size": {
                    "unit": "px",
                    "size": 10,
                    "sizes": []
                },
                "typography_font_weight": "bold",
                "typography_text_decoration": "underline"
            },
            {
                "_id": "5b2b518",
                "title": "button",
                "typography_typography": "custom",
                "typography_font_family": "Nunito Sans",
                "typography_font_size": {
                    "unit": "px",
                    "size": 10,
                    "sizes": []
                },
                "typography_font_weight": "800",
                "typography_text_transform": "uppercase",
                "typography_letter_spacing": {
                    "unit": "px",
                    "size": 0.299999999999999988897769753748434595763683319091796875,
                    "sizes": []
                },
                "typography_text_decoration": "none"
            }
        ],
        "default_generic_fonts": "Sans-serif",
        "button_border_border": "solid",
        "button_border_width": {
            "unit": "px",
            "top": "0",
            "right": "0",
            "bottom": "0",
            "left": "0",
            "isLinked": true
        },
        "button_border_radius": {
            "unit": "px",
            "top": "8",
            "right": "8",
            "bottom": "8",
            "left": "8",
            "isLinked": true
        },
        "button_hover_border_border": "solid",
        "button_hover_border_width": {
            "unit": "px",
            "top": "0",
            "right": "0",
            "bottom": "0",
            "left": "0",
            "isLinked": true
        },
        "form_field_border_width": {
            "unit": "px",
            "top": "0",
            "right": "0",
            "bottom": "0",
            "left": "0",
            "isLinked": true
        },
        "form_field_border_radius": {
            "unit": "px",
            "top": "8",
            "right": "8",
            "bottom": "8",
            "left": "8",
            "isLinked": true
        },
        "form_field_focus_border_border": "solid",
        "form_field_focus_border_width": {
            "unit": "px",
            "top": "0",
            "right": "0",
            "bottom": "0",
            "left": "8",
            "isLinked": false
        },
        "page_title_selector": "h1.entry-title",
        "hello_footer_copyright_text": "All rights reserved",
        "activeItemIndex": 1,
        "__globals__": {
            "form_field_background_color": "",
            "form_field_border_color": "globals\/colors?id=308e809",
            "form_field_focus_background_color": "globals\/colors?id=a291686",
            "form_field_focus_border_color": "globals\/colors?id=a185853",
            "form_field_text_color": "globals\/colors?id=secondary",
            "form_field_focus_text_color": "globals\/colors?id=text",
            "button_text_color": "globals\/colors?id=a291686",
            "button_background_color": "globals\/colors?id=dea41e4",
            "button_hover_text_color": "globals\/colors?id=a291686",
            "button_hover_background_color": "globals\/colors?id=a185853",
            "body_typography_typography": "globals\/typography?id=b2ce6af",
            "body_color": "globals\/colors?id=308e809",
            "link_normal_color": "globals\/colors?id=dea41e4",
            "link_hover_color": "globals\/colors?id=a185853",
            "h1_typography_typography": "globals\/typography?id=583e54c",
            "h2_typography_typography": "globals\/typography?id=5d167aa",
            "h3_typography_typography": "globals\/typography?id=d3dae9a",
            "h4_typography_typography": "globals\/typography?id=83682a1",
            "h5_typography_typography": "globals\/typography?id=7044a64",
            "h6_typography_typography": "globals\/typography?id=84ca66e",
            "h6_color": "globals\/colors?id=dea41e4",
            "link_normal_typography_typography": "globals\/typography?id=6158181",
            "h1_color": "globals\/colors?id=308e809",
            "h2_color": "globals\/colors?id=308e809",
            "h3_color": "globals\/colors?id=308e809",
            "h4_color": "globals\/colors?id=308e809",
            "h5_color": "globals\/colors?id=308e809",
            "button_typography_typography": "globals\/typography?id=5b2b518",
            "button_hover_border_color": "",
            "body_background_color": "globals\/colors?id=a291686",
            "hello_header_background_color": "globals\/colors?id=102ed2d",
            "form_field_typography_typography": "globals\/typography?id=b2ce6af",
            "form_label_typography_typography": "globals\/typography?id=7044a64"
        },
        "viewport_md": 768,
        "viewport_lg": 1025,
        "container_width": {
            "unit": "px",
            "size": 1280,
            "sizes": []
        },
        "default_page_template": "elementor_header_footer",
        "body_color": "#4B4B69",
        "body_typography_typography": "custom",
        "body_typography_font_family": "Nunito Sans",
        "body_typography_font_size": {
            "unit": "px",
            "size": 16,
            "sizes": []
        },
        "body_typography_font_weight": "400",
        "body_typography_line_height": {
            "unit": "px",
            "size": 22,
            "sizes": []
        },
        "link_normal_color": "#6D6DEB",
        "link_normal_typography_typography": "custom",
        "link_normal_typography_font_family": "Nunito Sans",
        "link_normal_typography_font_size": {
            "unit": "px",
            "size": 10,
            "sizes": []
        },
        "link_normal_typography_font_weight": "bold",
        "link_normal_typography_line_height": {
            "unit": "em",
            "size": "",
            "sizes": []
        },
        "link_hover_color": "#EB6DEB",
        "h1_color": "#4B4B69",
        "h1_typography_typography": "custom",
        "h1_typography_font_family": "Nunito Sans",
        "h1_typography_font_size": {
            "unit": "px",
            "size": 64,
            "sizes": []
        },
        "h1_typography_font_weight": "bold",
        "h1_typography_line_height": {
            "unit": "px",
            "size": 54,
            "sizes": []
        },
        "h1_typography_letter_spacing": {
            "unit": "px",
            "size": -1.899999999999999911182158029987476766109466552734375,
            "sizes": []
        },
        "h2_color": "#4B4B69",
        "h2_typography_typography": "custom",
        "h2_typography_font_family": "Nunito Sans",
        "h2_typography_font_size": {
            "unit": "px",
            "size": 48,
            "sizes": []
        },
        "h2_typography_font_weight": "700",
        "h2_typography_line_height": {
            "unit": "px",
            "size": 54.5,
            "sizes": []
        },
        "h2_typography_letter_spacing": {
            "unit": "px",
            "size": -2.560000000000000053290705182007513940334320068359375,
            "sizes": []
        },
        "h3_color": "#4B4B69",
        "h3_typography_typography": "custom",
        "h3_typography_font_family": "Nunito Sans",
        "h3_typography_font_size": {
            "unit": "px",
            "size": 24,
            "sizes": []
        },
        "h3_typography_font_weight": "bold",
        "h3_typography_line_height": {
            "unit": "px",
            "size": 32.74000000000000198951966012828052043914794921875,
            "sizes": []
        },
        "h3_typography_letter_spacing": {
            "unit": "px",
            "size": -0.479999999999999982236431605997495353221893310546875,
            "sizes": []
        },
        "h4_color": "#4B4B69",
        "h4_typography_typography": "custom",
        "h4_typography_font_family": "Nunito Sans",
        "h4_typography_font_size": {
            "unit": "px",
            "size": 24,
            "sizes": []
        },
        "h4_typography_font_weight": "normal",
        "h4_typography_line_height": {
            "unit": "px",
            "size": 32.74000000000000198951966012828052043914794921875,
            "sizes": []
        },
        "h5_color": "#4B4B69",
        "h5_typography_typography": "custom",
        "h5_typography_font_family": "Nunito Sans",
        "h5_typography_font_size": {
            "unit": "px",
            "size": 16,
            "sizes": []
        },
        "h5_typography_font_weight": "bold",
        "h5_typography_line_height": {
            "unit": "em",
            "size": "",
            "sizes": []
        },
        "h6_color": "#6D6DEB",
        "h6_typography_typography": "custom",
        "h6_typography_font_family": "Nunito Sans",
        "h6_typography_font_size": {
            "unit": "px",
            "size": 10,
            "sizes": []
        },
        "h6_typography_font_weight": "bold",
        "h6_typography_line_height": {
            "unit": "em",
            "size": "",
            "sizes": []
        },
        "h6_typography_letter_spacing": {
            "unit": "px",
            "size": 0.7199999999999999733546474089962430298328399658203125,
            "sizes": []
        },
        "button_typography_typography": "custom",
        "button_typography_font_family": "Nunito Sans",
        "button_typography_font_size": {
            "unit": "px",
            "size": 10,
            "sizes": []
        },
        "button_typography_font_weight": "800",
        "button_typography_text_transform": "uppercase",
        "button_typography_text_decoration": "none",
        "button_typography_line_height": {
            "unit": "em",
            "size": "",
            "sizes": []
        },
        "button_typography_letter_spacing": {
            "unit": "px",
            "size": 0.299999999999999988897769753748434595763683319091796875,
            "sizes": []
        },
        "button_text_color": "#FBFBFE",
        "button_background_color": "#6D6DEB",
        "button_hover_text_color": "#FBFBFE",
        "button_hover_background_color": "#EB6DEB",
        "form_field_text_color": "#54595F",
        "form_field_background_color": "#EBEBF9",
        "form_field_border_color": "#4B4B69",
        "form_field_focus_text_color": "#4B4B69",
        "form_field_focus_background_color": "#FBFBFE",
        "body_typography_font_size_tablet": {
            "unit": "px",
            "size": 15,
            "sizes": []
        },
        "body_typography_font_size_mobile": {
            "unit": "px",
            "size": 14,
            "sizes": []
        },
        "h1_typography_font_size_tablet": {
            "unit": "px",
            "size": 48,
            "sizes": []
        },
        "h1_typography_font_size_mobile": {
            "unit": "px",
            "size": 38,
            "sizes": []
        },
        "h2_typography_font_size_tablet": {
            "unit": "px",
            "size": 36,
            "sizes": []
        },
        "h2_typography_font_size_mobile": {
            "unit": "px",
            "size": 28,
            "sizes": []
        },
        "h3_typography_font_size_tablet": {
            "unit": "px",
            "size": 24,
            "sizes": []
        },
        "h3_typography_font_size_mobile": {
            "unit": "px",
            "size": 24,
            "sizes": []
        },
        "h4_typography_font_size_tablet": {
            "unit": "px",
            "size": 18,
            "sizes": []
        },
        "h4_typography_font_size_mobile": {
            "unit": "px",
            "size": 18,
            "sizes": []
        },
        "h5_typography_font_size_tablet": {
            "unit": "px",
            "size": 16,
            "sizes": []
        },
        "h5_typography_font_size_mobile": {
            "unit": "px",
            "size": 14,
            "sizes": []
        },
        "h6_typography_font_size_tablet": {
            "unit": "px",
            "size": 13,
            "sizes": []
        },
        "h6_typography_font_size_mobile": {
            "unit": "px",
            "size": 12,
            "sizes": []
        },
        "body_background_background": "classic",
        "hello_header_width": "full-width",
        "hello_header_background_background": "classic",
        "space_between_widgets": {
            "unit": "px",
            "size": 8,
            "sizes": []
        },
        "hello_footer_width": "full-width",
        "form_field_typography_typography": "custom",
        "form_field_typography_font_family": "Nunito Sans",
        "form_field_typography_font_size": {
            "unit": "px",
            "size": 16,
            "sizes": []
        },
        "form_field_typography_font_weight": "400",
        "form_field_typography_line_height": {
            "unit": "px",
            "size": 22,
            "sizes": []
        },
        "body_background_color": "#FBFBFE",
        "hello_header_background_color": "#EFE4D9",
        "form_field_typography_font_size_tablet": {
            "unit": "px",
            "size": 15,
            "sizes": []
        },
        "form_field_typography_font_size_mobile": {
            "unit": "px",
            "size": 14,
            "sizes": []
        },
        "form_field_box_shadow_box_shadow_type": "yes",
        "form_field_box_shadow_box_shadow": {
            "horizontal": 0,
            "vertical": 1,
            "blur": 3,
            "spread": 0,
            "color": "rgba(0, 0, 0, 0.095)"
        },
        "form_field_border_border": "solid",
        "form_field_focus_box_shadow_box_shadow_type": "yes",
        "form_field_focus_box_shadow_box_shadow": {
            "horizontal": 0,
            "vertical": 4,
            "blur": 6,
            "spread": 0,
            "color": "rgba(0, 0, 0, 0.095)"
        },
        "form_label_typography_typography": "custom",
        "form_label_typography_font_family": "Nunito Sans",
        "form_label_typography_font_size": {
            "unit": "px",
            "size": 16,
            "sizes": []
        },
        "form_label_typography_font_weight": "bold",
        "form_label_typography_line_height": {
            "unit": "em",
            "size": "",
            "sizes": []
        },
        "form_field_focus_border_color": "#EB6DEB",
        "form_label_typography_font_size_tablet": {
            "unit": "px",
            "size": 16,
            "sizes": []
        },
        "form_label_typography_font_size_mobile": {
            "unit": "px",
            "size": 14,
            "sizes": []
        }
    }
}