{
    "version": "0.4",
    "title": "Vella &#8211; Archive",
    "type": "archive",
    "metadata": {
        "template_type": "archive-blog",
        "include_in_zip": "1",
        "elementor_pro_required": "1",
        "elementor_library_type": "archive",
        "elementor_pro_conditions": [
            "include\/archive"
        ],
        "additional_template_information": [
            "This is a \"Archive\" template for Elementor Pro.",
            "This template will display on: All Archives."
        ],
        "wp_page_template": "default"
    },
    "content": [
        {
            "id": "63d106dc",
            "settings": {
                "_ob_glider_nav_pos_y_alt": "50% - 25px",
                "_ob_glider_nav_pos_x_prev_alt": "0%",
                "_ob_glider_nav_pos_x_next_alt": "0%",
                "background_background": "classic",
                "background_color_stop": {
                    "unit": "%",
                    "size": 60,
                    "sizes": []
                },
                "background_image": {
                    "url": "https:\/\/demo.moxcreative.com\/vella\/wp-content\/uploads\/sites\/69\/2021\/10\/Section-Background-dark.jpg",
                    "id": 1215,
                    "alt": "",
                    "source": "library"
                },
                "background_position": "bottom left",
                "background_xpos": {
                    "unit": "px",
                    "size": -83,
                    "sizes": []
                },
                "background_ypos": {
                    "unit": "px",
                    "size": -199,
                    "sizes": []
                },
                "background_attachment": "fixed",
                "background_repeat": "no-repeat",
                "background_size": "cover",
                "background_motion_fx_translateY_affectedRange": {
                    "unit": "%",
                    "size": "",
                    "sizes": {
                        "start": 0,
                        "end": 54
                    }
                },
                "background_motion_fx_opacity_direction": "in-out",
                "background_motion_fx_scale_direction": "out-in-out",
                "background_motion_fx_scale_speed": {
                    "unit": "px",
                    "size": 2,
                    "sizes": []
                },
                "background_motion_fx_scale_range": {
                    "unit": "%",
                    "size": "",
                    "sizes": {
                        "start": 0,
                        "end": 80
                    }
                },
                "background_overlay_background": "gradient",
                "background_overlay_color_b": "#070735",
                "background_overlay_image": {
                    "url": "https:\/\/demo.moxcreative.com\/vella\/wp-content\/uploads\/sites\/69\/2021\/10\/Section-Background-dark.jpg",
                    "id": 1215,
                    "alt": "",
                    "source": "library"
                },
                "background_overlay_position": "center right",
                "background_overlay_repeat": "no-repeat",
                "background_overlay_size": "cover",
                "background_overlay_opacity": {
                    "unit": "px",
                    "size": 1,
                    "sizes": []
                },
                "padding": {
                    "unit": "em",
                    "top": "14",
                    "right": "0",
                    "bottom": "25",
                    "left": "0",
                    "isLinked": false
                },
                "__globals__": {
                    "background_color": "",
                    "background_overlay_color": "",
                    "background_overlay_color_b": ""
                },
                "margin": {
                    "unit": "%",
                    "top": "",
                    "right": 0,
                    "bottom": "",
                    "left": 0,
                    "isLinked": true
                },
                "background_overlay_color": "#070735A6",
                "background_overlay_color_b_stop": {
                    "unit": "%",
                    "size": 94,
                    "sizes": []
                },
                "padding_mobile": {
                    "unit": "em",
                    "top": "14",
                    "right": "0",
                    "bottom": "10",
                    "left": "0",
                    "isLinked": false
                },
                "shape_divider_bottom": "curve-asymmetrical",
                "shape_divider_bottom_width": {
                    "unit": "%",
                    "size": 128,
                    "sizes": []
                },
                "shape_divider_bottom_height": {
                    "unit": "px",
                    "size": 317,
                    "sizes": []
                },
                "shape_divider_bottom_flip": "yes",
                "shape_divider_bottom_negative": "yes",
                "shape_divider_bottom_color": "#EBEBF9",
                "shape_divider_bottom_width_mobile": {
                    "unit": "%",
                    "size": 125,
                    "sizes": []
                },
                "shape_divider_bottom_height_mobile": {
                    "unit": "px",
                    "size": 95,
                    "sizes": []
                },
                "margin_mobile": {
                    "unit": "em",
                    "top": "-7",
                    "right": 0,
                    "bottom": "0",
                    "left": 0,
                    "isLinked": false
                }
            },
            "elements": [
                {
                    "id": "25f21b8c",
                    "settings": {
                        "_column_size": 100,
                        "_inline_size": null,
                        "content_position": "center",
                        "align": "center",
                        "padding": {
                            "unit": "em",
                            "top": "3",
                            "right": "7",
                            "bottom": "3",
                            "left": "7",
                            "isLinked": false
                        }
                    },
                    "elements": [
                        {
                            "id": "5718b5ee",
                            "settings": {
                                "title": "Archive",
                                "align": "center",
                                "_element_custom_width": {
                                    "unit": "%",
                                    "size": 70,
                                    "sizes": []
                                },
                                "_element_vertical_align": "center",
                                "__globals__": {
                                    "typography_typography": "globals\/typography?id=583e54c",
                                    "title_color": "globals\/colors?id=a291686"
                                }
                            },
                            "elements": [],
                            "isInner": false,
                            "widgetType": "heading",
                            "elType": "widget"
                        }
                    ],
                    "isInner": false,
                    "elType": "column"
                }
            ],
            "isInner": false,
            "elType": "section"
        },
        {
            "id": "500f3d9c",
            "settings": {
                "_ob_glider_nav_pos_y_alt": "50% - 25px",
                "_ob_glider_nav_pos_x_prev_alt": "0%",
                "_ob_glider_nav_pos_x_next_alt": "0%",
                "background_background": "classic",
                "background_color": "#EBEBF9",
                "margin": {
                    "unit": "em",
                    "top": "0",
                    "right": 0,
                    "bottom": "0",
                    "left": 0,
                    "isLinked": false
                },
                "padding": {
                    "unit": "em",
                    "top": "3",
                    "right": "0",
                    "bottom": "7",
                    "left": "0",
                    "isLinked": false
                }
            },
            "elements": [
                {
                    "id": "28c8d165",
                    "settings": {
                        "_column_size": 100,
                        "_inline_size": null,
                        "margin": {
                            "unit": "em",
                            "top": "-20",
                            "right": "0",
                            "bottom": "0",
                            "left": "0",
                            "isLinked": false
                        },
                        "margin_mobile": {
                            "unit": "em",
                            "top": "-9",
                            "right": "0",
                            "bottom": "0",
                            "left": "0",
                            "isLinked": false
                        }
                    },
                    "elements": [
                        {
                            "id": "3e6e2e1e",
                            "settings": {
                                "archive_classic_meta_separator": "\/\/\/",
                                "archive_classic_read_more_text": "Read More \u00bb",
                                "archive_cards_meta_separator": "|",
                                "archive_cards_read_more_text": "Read More \u00bb",
                                "archive_full_content_meta_separator": "\/\/\/",
                                "pagination_page_limit": "5",
                                "pagination_prev_label": "&laquo; Previous",
                                "pagination_next_label": "Next &raquo;",
                                "nothing_found_message": "It seems we can't find what you're looking for.",
                                "_skin": "archive_cards",
                                "archive_cards_thumbnail_size_size": "full",
                                "archive_cards_item_ratio": {
                                    "unit": "px",
                                    "size": 0.63000000000000000444089209850062616169452667236328125,
                                    "sizes": []
                                },
                                "archive_cards_excerpt_length": 20,
                                "archive_cards_show_read_more": "",
                                "archive_cards_show_avatar": "",
                                "archive_cards_column_gap": {
                                    "unit": "px",
                                    "size": 20,
                                    "sizes": []
                                },
                                "archive_cards_row_gap": {
                                    "unit": "px",
                                    "size": 25,
                                    "sizes": []
                                },
                                "archive_cards_alignment": "left",
                                "archive_cards_card_bg_color": "#FBFBFE",
                                "archive_cards_card_border_radius": {
                                    "unit": "px",
                                    "size": 16,
                                    "sizes": []
                                },
                                "archive_cards_card_vertical_padding": {
                                    "unit": "px",
                                    "size": 0,
                                    "sizes": []
                                },
                                "archive_cards_image_spacing": {
                                    "unit": "px",
                                    "size": 16,
                                    "sizes": []
                                },
                                "archive_cards_badge_bg_color": "#6D6DEB",
                                "archive_cards_badge_radius": {
                                    "unit": "px",
                                    "size": 8,
                                    "sizes": []
                                },
                                "archive_cards_badge_margin": {
                                    "unit": "px",
                                    "size": 12,
                                    "sizes": []
                                },
                                "archive_cards_badge_typography_typography": "custom",
                                "archive_cards_badge_typography_font_family": "Nunito Sans",
                                "archive_cards_badge_typography_font_weight": "600",
                                "archive_cards_badge_typography_text_transform": "uppercase",
                                "archive_cards_badge_typography_text_decoration": "none",
                                "archive_cards_badge_typography_line_height": {
                                    "unit": "em",
                                    "size": "",
                                    "sizes": []
                                },
                                "archive_cards_badge_typography_letter_spacing": {
                                    "unit": "px",
                                    "size": 0.299999999999999988897769753748434595763683319091796875,
                                    "sizes": []
                                },
                                "archive_cards_title_color": "#4B4B69",
                                "archive_cards_title_typography_typography": "custom",
                                "archive_cards_title_typography_font_family": "Nunito Sans",
                                "archive_cards_title_typography_font_size": {
                                    "unit": "px",
                                    "size": 24,
                                    "sizes": []
                                },
                                "archive_cards_title_typography_font_size_tablet": {
                                    "unit": "px",
                                    "size": 24,
                                    "sizes": []
                                },
                                "archive_cards_title_typography_font_size_mobile": {
                                    "unit": "px",
                                    "size": 24,
                                    "sizes": []
                                },
                                "archive_cards_title_typography_font_weight": "bold",
                                "archive_cards_title_typography_text_decoration": "none",
                                "archive_cards_title_typography_line_height": {
                                    "unit": "px",
                                    "size": 32.74000000000000198951966012828052043914794921875,
                                    "sizes": []
                                },
                                "archive_cards_title_typography_letter_spacing": {
                                    "unit": "px",
                                    "size": -0.479999999999999982236431605997495353221893310546875,
                                    "sizes": []
                                },
                                "archive_cards_title_spacing": {
                                    "unit": "px",
                                    "size": 8,
                                    "sizes": []
                                },
                                "archive_cards_meta_color": "#6E6E8B",
                                "archive_cards_meta_typography_typography": "custom",
                                "archive_cards_meta_typography_font_family": "Nunito Sans",
                                "archive_cards_meta_typography_font_size": {
                                    "unit": "px",
                                    "size": 10,
                                    "sizes": []
                                },
                                "archive_cards_meta_typography_font_size_tablet": {
                                    "unit": "px",
                                    "size": 13,
                                    "sizes": []
                                },
                                "archive_cards_meta_typography_font_size_mobile": {
                                    "unit": "px",
                                    "size": 12,
                                    "sizes": []
                                },
                                "archive_cards_meta_typography_font_weight": "bold",
                                "archive_cards_meta_typography_line_height": {
                                    "unit": "em",
                                    "size": "",
                                    "sizes": []
                                },
                                "archive_cards_meta_typography_letter_spacing": {
                                    "unit": "px",
                                    "size": 0.7199999999999999733546474089962430298328399658203125,
                                    "sizes": []
                                },
                                "archive_cards_excerpt_typography_typography": "custom",
                                "archive_cards_excerpt_typography_font_family": "Nunito Sans",
                                "archive_cards_excerpt_typography_font_size": {
                                    "unit": "px",
                                    "size": 14,
                                    "sizes": []
                                },
                                "archive_cards_excerpt_typography_font_size_tablet": {
                                    "unit": "px",
                                    "size": 15,
                                    "sizes": []
                                },
                                "archive_cards_excerpt_typography_font_size_mobile": {
                                    "unit": "px",
                                    "size": 14,
                                    "sizes": []
                                },
                                "archive_cards_excerpt_typography_font_weight": "400",
                                "archive_cards_excerpt_typography_line_height": {
                                    "unit": "px",
                                    "size": 22,
                                    "sizes": []
                                },
                                "archive_cards_excerpt_typography_line_height_mobile": {
                                    "unit": "px",
                                    "size": 17,
                                    "sizes": []
                                },
                                "pagination_numbers_shorten": "yes",
                                "__globals__": {
                                    "archive_cards_card_bg_color": "globals\/colors?id=a291686",
                                    "archive_cards_badge_bg_color": "globals\/colors?id=dea41e4",
                                    "archive_cards_badge_typography_typography": "",
                                    "archive_cards_title_typography_typography": "",
                                    "archive_cards_title_color": "globals\/colors?id=308e809",
                                    "archive_cards_meta_typography_typography": "globals\/typography?id=84ca66e",
                                    "archive_cards_meta_color": "globals\/colors?id=dea41e4",
                                    "archive_cards_excerpt_typography_typography": ""
                                },
                                "archive_cards_badge_typography_font_size": {
                                    "unit": "px",
                                    "size": 10,
                                    "sizes": []
                                },
                                "archive_cards_badge_typography_font_size_tablet": {
                                    "unit": "px",
                                    "size": "",
                                    "sizes": []
                                },
                                "archive_cards_badge_typography_font_size_mobile": {
                                    "unit": "px",
                                    "size": "",
                                    "sizes": []
                                }
                            },
                            "elements": [],
                            "isInner": false,
                            "widgetType": "archive-posts",
                            "elType": "widget"
                        }
                    ],
                    "isInner": false,
                    "elType": "column"
                }
            ],
            "isInner": false,
            "elType": "section"
        }
    ]
}