{
    "version": "0.4",
    "title": "Vella V1 &#8211; Error 404",
    "type": "error-404",
    "metadata": {
        "template_type": "single-404",
        "include_in_zip": "1",
        "elementor_pro_required": "1",
        "elementor_library_type": "error-404",
        "elementor_pro_conditions": [
            "include\/singular\/not_found404"
        ],
        "additional_template_information": [
            "This is a \"Error 404\" template for Elementor Pro.",
            "This template will display on: 404 Page."
        ],
        "wp_page_template": "default"
    },
    "content": [
        {
            "id": "758bcbbc",
            "settings": {
                "_ob_glider_nav_pos_y_alt": "50% - 25px",
                "_ob_glider_nav_pos_x_prev_alt": "0%",
                "_ob_glider_nav_pos_x_next_alt": "0%",
                "background_background": "classic",
                "background_color_stop": {
                    "unit": "%",
                    "size": 60,
                    "sizes": []
                },
                "background_image": {
                    "url": "https:\/\/demo.moxcreative.com\/vella\/wp-content\/uploads\/sites\/69\/2021\/10\/Section-Background-dark.jpg",
                    "id": 1215,
                    "alt": "",
                    "source": "library"
                },
                "background_position": "bottom left",
                "background_xpos": {
                    "unit": "px",
                    "size": -83,
                    "sizes": []
                },
                "background_ypos": {
                    "unit": "px",
                    "size": -199,
                    "sizes": []
                },
                "background_attachment": "fixed",
                "background_repeat": "no-repeat",
                "background_size": "cover",
                "background_motion_fx_translateY_affectedRange": {
                    "unit": "%",
                    "size": "",
                    "sizes": {
                        "start": 0,
                        "end": 54
                    }
                },
                "background_motion_fx_opacity_direction": "in-out",
                "background_motion_fx_scale_direction": "out-in-out",
                "background_motion_fx_scale_speed": {
                    "unit": "px",
                    "size": 2,
                    "sizes": []
                },
                "background_motion_fx_scale_range": {
                    "unit": "%",
                    "size": "",
                    "sizes": {
                        "start": 0,
                        "end": 80
                    }
                },
                "background_overlay_background": "gradient",
                "background_overlay_color_b": "#070735",
                "background_overlay_image": {
                    "url": "https:\/\/demo.moxcreative.com\/vella\/wp-content\/uploads\/sites\/69\/2021\/10\/Section-Background-dark.jpg",
                    "id": 1215,
                    "alt": "",
                    "source": "library"
                },
                "background_overlay_position": "center right",
                "background_overlay_repeat": "no-repeat",
                "background_overlay_size": "cover",
                "background_overlay_opacity": {
                    "unit": "px",
                    "size": 1,
                    "sizes": []
                },
                "padding": {
                    "unit": "em",
                    "top": "17",
                    "right": "0",
                    "bottom": "10",
                    "left": "0",
                    "isLinked": false
                },
                "__globals__": {
                    "background_color": "",
                    "background_overlay_color": "",
                    "background_overlay_color_b": ""
                },
                "margin": {
                    "unit": "rem",
                    "top": "0",
                    "right": 0,
                    "bottom": "0",
                    "left": 0,
                    "isLinked": true
                },
                "background_overlay_color": "#07073600",
                "background_overlay_color_b_stop": {
                    "unit": "%",
                    "size": 94,
                    "sizes": []
                },
                "padding_mobile": {
                    "unit": "em",
                    "top": "17",
                    "right": "0",
                    "bottom": "10",
                    "left": "0",
                    "isLinked": false
                },
                "margin_mobile": {
                    "unit": "em",
                    "top": "-7",
                    "right": 0,
                    "bottom": "0",
                    "left": 0,
                    "isLinked": false
                }
            },
            "elements": [
                {
                    "id": "3e98eda4",
                    "settings": {
                        "_column_size": 100,
                        "_inline_size": null,
                        "align": "center",
                        "padding": {
                            "unit": "em",
                            "top": "3",
                            "right": "7",
                            "bottom": "3",
                            "left": "7",
                            "isLinked": false
                        },
                        "padding_mobile": {
                            "unit": "em",
                            "top": "0",
                            "right": "02",
                            "bottom": "0",
                            "left": "2",
                            "isLinked": false
                        }
                    },
                    "elements": [
                        {
                            "id": "1dcfa302",
                            "settings": {
                                "title": "404",
                                "align": "center",
                                "_element_custom_width": {
                                    "unit": "%",
                                    "size": 70,
                                    "sizes": []
                                },
                                "_element_vertical_align": "center",
                                "__globals__": {
                                    "typography_typography": "",
                                    "title_color": "globals\/colors?id=a291686"
                                },
                                "title_color": "#FBFBFE",
                                "typography_typography": "custom",
                                "typography_font_family": "Nunito Sans",
                                "typography_font_size": {
                                    "unit": "rem",
                                    "size": 9.5999999999999996447286321199499070644378662109375,
                                    "sizes": []
                                },
                                "typography_font_size_tablet": {
                                    "unit": "px",
                                    "size": 48,
                                    "sizes": []
                                },
                                "typography_font_size_mobile": {
                                    "unit": "px",
                                    "size": 92,
                                    "sizes": []
                                },
                                "typography_font_weight": "700",
                                "typography_line_height": {
                                    "unit": "px",
                                    "size": 100,
                                    "sizes": []
                                },
                                "typography_letter_spacing": {
                                    "unit": "px",
                                    "size": 3.5,
                                    "sizes": []
                                },
                                "typography_line_height_mobile": {
                                    "unit": "px",
                                    "size": 56,
                                    "sizes": []
                                }
                            },
                            "elements": [],
                            "isInner": false,
                            "widgetType": "heading",
                            "elType": "widget"
                        },
                        {
                            "id": "6dbf7a3b",
                            "settings": {
                                "title": "Page Not Found",
                                "__globals__": {
                                    "typography_typography": "",
                                    "title_color": "globals\/colors?id=a291686"
                                },
                                "align": "center",
                                "title_color": "#FBFBFE",
                                "typography_typography": "custom",
                                "typography_font_family": "Nunito Sans",
                                "typography_font_size": {
                                    "unit": "px",
                                    "size": 16,
                                    "sizes": []
                                },
                                "typography_font_weight": "800",
                                "typography_text_transform": "uppercase",
                                "typography_text_decoration": "none",
                                "typography_line_height": {
                                    "unit": "em",
                                    "size": 1.399999999999999911182158029987476766109466552734375,
                                    "sizes": []
                                },
                                "typography_letter_spacing": {
                                    "unit": "px",
                                    "size": 0.299999999999999988897769753748434595763683319091796875,
                                    "sizes": []
                                }
                            },
                            "elements": [],
                            "isInner": false,
                            "widgetType": "heading",
                            "elType": "widget"
                        },
                        {
                            "id": "72b1222f",
                            "settings": {
                                "space": {
                                    "unit": "px",
                                    "size": 24,
                                    "sizes": []
                                },
                                "space_mobile": {
                                    "unit": "px",
                                    "size": 8,
                                    "sizes": []
                                }
                            },
                            "elements": [],
                            "isInner": false,
                            "widgetType": "spacer",
                            "elType": "widget"
                        },
                        {
                            "id": "741d2206",
                            "settings": {
                                "title": "The page you are looking for does not exist; it may have been moved, or removed altogether.\n",
                                "align": "center",
                                "_element_width": "initial",
                                "_element_custom_width": {
                                    "unit": "px",
                                    "size": 384,
                                    "sizes": []
                                },
                                "__globals__": {
                                    "typography_typography": "",
                                    "title_color": "globals\/colors?id=c362cef"
                                },
                                "title_color": "#8F8FB0",
                                "typography_typography": "custom",
                                "typography_font_family": "Nunito Sans",
                                "typography_font_size": {
                                    "unit": "px",
                                    "size": 16,
                                    "sizes": []
                                },
                                "typography_font_size_tablet": {
                                    "unit": "px",
                                    "size": 16,
                                    "sizes": []
                                },
                                "typography_font_size_mobile": {
                                    "unit": "px",
                                    "size": 12,
                                    "sizes": []
                                },
                                "typography_font_weight": "bold",
                                "typography_line_height": {
                                    "unit": "px",
                                    "size": 20,
                                    "sizes": []
                                },
                                "typography_line_height_mobile": {
                                    "unit": "em",
                                    "size": 1.399999999999999911182158029987476766109466552734375,
                                    "sizes": []
                                },
                                "typography_letter_spacing": {
                                    "unit": "px",
                                    "size": -0.59999999999999997779553950749686919152736663818359375,
                                    "sizes": []
                                },
                                "typography_letter_spacing_mobile": {
                                    "unit": "px",
                                    "size": -0.59999999999999997779553950749686919152736663818359375,
                                    "sizes": []
                                }
                            },
                            "elements": [],
                            "isInner": false,
                            "widgetType": "heading",
                            "elType": "widget"
                        },
                        {
                            "id": "692944f6",
                            "settings": {
                                "text": "Back Home",
                                "align": "center",
                                "_padding": {
                                    "unit": "em",
                                    "top": "2",
                                    "right": "0",
                                    "bottom": "0",
                                    "left": "0",
                                    "isLinked": false
                                },
                                "__globals__": {
                                    "background_color": "globals\/colors?id=a185853",
                                    "button_background_hover_color": "globals\/colors?id=dea41e4"
                                }
                            },
                            "elements": [],
                            "isInner": false,
                            "widgetType": "button",
                            "elType": "widget"
                        }
                    ],
                    "isInner": false,
                    "elType": "column"
                }
            ],
            "isInner": false,
            "elType": "section"
        }
    ]
}