{
    "version": "0.4",
    "title": "Vella &#8211; Blog",
    "type": "page",
    "metadata": {
        "template_type": "single-page",
        "include_in_zip": "1",
        "elementor_pro_required": "1",
        "wp_page_template": "default"
    },
    "content": [
        {
            "id": "70cd8172",
            "settings": {
                "_ob_glider_nav_pos_y_alt": "50% - 25px",
                "_ob_glider_nav_pos_x_prev_alt": "0%",
                "_ob_glider_nav_pos_x_next_alt": "0%",
                "background_background": "classic",
                "background_color_stop": {
                    "unit": "%",
                    "size": 60,
                    "sizes": []
                },
                "background_image": {
                    "url": "https:\/\/demo.moxcreative.com\/vella\/wp-content\/uploads\/sites\/69\/2021\/10\/Section-Background-dark.jpg",
                    "id": 1215,
                    "alt": "",
                    "source": "library"
                },
                "background_position": "bottom left",
                "background_xpos": {
                    "unit": "px",
                    "size": -83,
                    "sizes": []
                },
                "background_ypos": {
                    "unit": "px",
                    "size": -199,
                    "sizes": []
                },
                "background_attachment": "fixed",
                "background_repeat": "no-repeat",
                "background_size": "cover",
                "background_motion_fx_translateY_affectedRange": {
                    "unit": "%",
                    "size": "",
                    "sizes": {
                        "start": 0,
                        "end": 54
                    }
                },
                "background_motion_fx_opacity_direction": "in-out",
                "background_motion_fx_scale_direction": "out-in-out",
                "background_motion_fx_scale_speed": {
                    "unit": "px",
                    "size": 2,
                    "sizes": []
                },
                "background_motion_fx_scale_range": {
                    "unit": "%",
                    "size": "",
                    "sizes": {
                        "start": 0,
                        "end": 80
                    }
                },
                "background_overlay_background": "gradient",
                "background_overlay_color_b": "#070735",
                "background_overlay_image": {
                    "url": "https:\/\/demo.moxcreative.com\/vella\/wp-content\/uploads\/sites\/69\/2021\/10\/Section-Background-dark.jpg",
                    "id": 1215,
                    "alt": "",
                    "source": "library"
                },
                "background_overlay_position": "center right",
                "background_overlay_repeat": "no-repeat",
                "background_overlay_size": "cover",
                "background_overlay_opacity": {
                    "unit": "px",
                    "size": 1,
                    "sizes": []
                },
                "padding": {
                    "unit": "em",
                    "top": "14",
                    "right": "0",
                    "bottom": "25",
                    "left": "0",
                    "isLinked": false
                },
                "__globals__": {
                    "background_color": "",
                    "background_overlay_color": "",
                    "background_overlay_color_b": ""
                },
                "margin": {
                    "unit": "em",
                    "top": "",
                    "right": 0,
                    "bottom": "",
                    "left": 0,
                    "isLinked": false
                },
                "background_overlay_color": "#070735A6",
                "background_overlay_color_b_stop": {
                    "unit": "%",
                    "size": 94,
                    "sizes": []
                },
                "padding_mobile": {
                    "unit": "em",
                    "top": "8",
                    "right": "0",
                    "bottom": "20",
                    "left": "0",
                    "isLinked": false
                },
                "shape_divider_bottom": "curve-asymmetrical",
                "shape_divider_bottom_color": "#EBEBF9",
                "shape_divider_bottom_width": {
                    "unit": "%",
                    "size": 128,
                    "sizes": []
                },
                "shape_divider_bottom_height": {
                    "unit": "px",
                    "size": 317,
                    "sizes": []
                },
                "shape_divider_bottom_flip": "yes",
                "shape_divider_bottom_negative": "yes",
                "shape_divider_bottom_width_mobile": {
                    "unit": "%",
                    "size": 241,
                    "sizes": []
                },
                "margin_mobile": {
                    "unit": "em",
                    "top": "-5",
                    "right": 0,
                    "bottom": "0",
                    "left": 0,
                    "isLinked": false
                }
            },
            "elements": [
                {
                    "id": "2678d16",
                    "settings": {
                        "_column_size": 100,
                        "_inline_size": null,
                        "content_position": "center",
                        "align": "center",
                        "padding": {
                            "unit": "em",
                            "top": "3",
                            "right": "7",
                            "bottom": "3",
                            "left": "7",
                            "isLinked": false
                        }
                    },
                    "elements": [
                        {
                            "id": "1b39bf30",
                            "settings": {
                                "title": "Blog",
                                "align": "center",
                                "_element_custom_width": {
                                    "unit": "%",
                                    "size": 70,
                                    "sizes": []
                                },
                                "_element_vertical_align": "center",
                                "__globals__": {
                                    "typography_typography": "globals\/typography?id=583e54c",
                                    "title_color": "globals\/colors?id=a291686"
                                }
                            },
                            "elements": [],
                            "isInner": false,
                            "widgetType": "heading",
                            "elType": "widget"
                        },
                        {
                            "id": "3a46b57d",
                            "settings": {
                                "title": "Home",
                                "_element_width": "auto",
                                "__globals__": {
                                    "typography_typography": "globals\/typography?id=69c152f",
                                    "title_color": "globals\/colors?id=a291686"
                                }
                            },
                            "elements": [],
                            "isInner": false,
                            "widgetType": "heading",
                            "elType": "widget"
                        },
                        {
                            "id": "79eec359",
                            "settings": {
                                "selected_icon": {
                                    "value": "fas fa-caret-right",
                                    "library": "fa-solid"
                                },
                                "size": {
                                    "unit": "px",
                                    "size": 16,
                                    "sizes": []
                                },
                                "_element_width": "auto",
                                "__globals__": {
                                    "primary_color": "globals\/colors?id=a291686"
                                }
                            },
                            "elements": [],
                            "isInner": false,
                            "widgetType": "icon",
                            "elType": "widget"
                        },
                        {
                            "id": "319635d7",
                            "settings": {
                                "title": "Blog",
                                "_element_width": "auto",
                                "__globals__": {
                                    "typography_typography": "globals\/typography?id=69c152f",
                                    "title_color": "globals\/colors?id=a291686"
                                }
                            },
                            "elements": [],
                            "isInner": false,
                            "widgetType": "heading",
                            "elType": "widget"
                        }
                    ],
                    "isInner": false,
                    "elType": "column"
                }
            ],
            "isInner": false,
            "elType": "section"
        },
        {
            "id": "506467d2",
            "settings": {
                "_ob_glider_nav_pos_y_alt": "50% - 25px",
                "_ob_glider_nav_pos_x_prev_alt": "0%",
                "_ob_glider_nav_pos_x_next_alt": "0%",
                "structure": "20",
                "background_background": "classic",
                "background_color": "#EBEBF9",
                "shape_divider_bottom": "curve-asymmetrical",
                "shape_divider_bottom_width": {
                    "unit": "%",
                    "size": 128,
                    "sizes": []
                },
                "shape_divider_bottom_height": {
                    "unit": "px",
                    "size": 317,
                    "sizes": []
                },
                "shape_divider_bottom_flip": "yes",
                "margin": {
                    "unit": "em",
                    "top": "0",
                    "right": 0,
                    "bottom": "0",
                    "left": 0,
                    "isLinked": false
                },
                "padding": {
                    "unit": "em",
                    "top": "3",
                    "right": "0",
                    "bottom": "7",
                    "left": "0",
                    "isLinked": false
                },
                "__globals__": {
                    "shape_divider_bottom_color": "globals\/colors?id=91455cb"
                }
            },
            "elements": [
                {
                    "id": "6219d8d9",
                    "settings": {
                        "_column_size": 50,
                        "_inline_size": 70,
                        "box_shadow_box_shadow": {
                            "horizontal": 0,
                            "vertical": 13,
                            "blur": 27,
                            "spread": -5,
                            "color": "rgba(49.999999999999986, 50.00000000000001, 0, 0.095)"
                        },
                        "margin": {
                            "unit": "em",
                            "top": "-17",
                            "right": "0",
                            "bottom": "0",
                            "left": "0",
                            "isLinked": false
                        },
                        "padding": {
                            "unit": "em",
                            "top": "",
                            "right": "",
                            "bottom": "",
                            "left": "",
                            "isLinked": true
                        },
                        "__globals__": {
                            "background_color": "globals\/colors?id=a291686"
                        },
                        "_inline_size_tablet": 100
                    },
                    "elements": [
                        {
                            "id": "56b7e3ac",
                            "settings": {
                                "item_height": {
                                    "unit": "vh",
                                    "size": 50,
                                    "sizes": []
                                },
                                "content_max_width": {
                                    "unit": "px",
                                    "size": 500,
                                    "sizes": []
                                },
                                "content_alignment": "left",
                                "posts_include_by": [],
                                "title_tags": "h2",
                                "show_excerpt": "",
                                "meta_separator": "at",
                                "show_time": "yes",
                                "show_button": "",
                                "button_text": "More Details",
                                "pauseonhover": "yes",
                                "observer": "yes",
                                "item_overlay_color": "#07073582",
                                "content_margin": {
                                    "unit": "px",
                                    "top": "",
                                    "right": "",
                                    "bottom": "",
                                    "left": "",
                                    "isLinked": false
                                },
                                "title_spacing": {
                                    "unit": "px",
                                    "size": 0,
                                    "sizes": []
                                },
                                "category_bottom_spacing": {
                                    "unit": "px",
                                    "size": 9,
                                    "sizes": []
                                },
                                "category_background_background": "classic",
                                "category_border_radius": {
                                    "unit": "px",
                                    "top": "8",
                                    "right": "8",
                                    "bottom": "8",
                                    "left": "8",
                                    "isLinked": true
                                },
                                "category_space_between": {
                                    "unit": "px",
                                    "size": 8,
                                    "sizes": []
                                },
                                "thumbs_height": {
                                    "unit": "px",
                                    "size": 90,
                                    "sizes": []
                                },
                                "thumbs_margin": {
                                    "unit": "em",
                                    "top": "0",
                                    "right": "100",
                                    "bottom": "0",
                                    "left": "0",
                                    "isLinked": false
                                },
                                "thumbs_border_radius": {
                                    "unit": "px",
                                    "top": "16",
                                    "right": "16",
                                    "bottom": "16",
                                    "left": "16",
                                    "isLinked": true
                                },
                                "thumbs_padding": {
                                    "unit": "em",
                                    "top": "0",
                                    "right": "2",
                                    "bottom": "0",
                                    "left": "0",
                                    "isLinked": false
                                },
                                "thumb_arrows_background_background": "classic",
                                "_border_width": {
                                    "unit": "px",
                                    "top": "0",
                                    "right": "0",
                                    "bottom": "0",
                                    "left": "0",
                                    "isLinked": true
                                },
                                "__globals__": {
                                    "item_overlay_color": "",
                                    "title_typography_typography": "globals\/typography?id=d3dae9a",
                                    "meta_typography_typography": "globals\/typography?id=7044a64",
                                    "category_background_color": "globals\/colors?id=dea41e4",
                                    "thumb_line_color": "globals\/colors?id=dea41e4",
                                    "thumb_title_color": "globals\/colors?id=a291686",
                                    "thumb_title_typography_typography": "globals\/typography?id=7044a64",
                                    "thumb_arrows_color": "globals\/colors?id=a291686",
                                    "thumb_arrows_background_color": "globals\/colors?id=dea41e4",
                                    "title_color": "globals\/colors?id=a291686",
                                    "title_hover_color": "globals\/colors?id=a185853",
                                    "category_typography_typography": "globals\/typography?id=5b2b518"
                                }
                            },
                            "elements": [],
                            "isInner": false,
                            "widgetType": "prime-slider-storker",
                            "elType": "widget"
                        },
                        {
                            "id": "827c316",
                            "settings": {
                                "space": {
                                    "unit": "px",
                                    "size": 48,
                                    "sizes": []
                                }
                            },
                            "elements": [],
                            "isInner": false,
                            "widgetType": "spacer",
                            "elType": "widget"
                        },
                        {
                            "id": "76437133",
                            "settings": {
                                "_skin": "cards",
                                "classic_columns": "2",
                                "classic_posts_per_page": 4,
                                "classic_meta_separator": "\/\/\/",
                                "classic_read_more_text": "Read More \u00bb",
                                "cards_columns": "2",
                                "cards_posts_per_page": 4,
                                "cards_thumbnail_size_size": "full",
                                "cards_item_ratio": {
                                    "unit": "px",
                                    "size": 0.67000000000000003996802888650563545525074005126953125,
                                    "sizes": []
                                },
                                "cards_meta_data": [
                                    "author",
                                    "date"
                                ],
                                "cards_meta_separator": "\u2022",
                                "cards_show_read_more": "",
                                "cards_read_more_text": "Read More \u00bb",
                                "cards_show_avatar": "",
                                "full_content_meta_separator": "\/\/\/",
                                "cards_column_gap": {
                                    "unit": "px",
                                    "size": 20,
                                    "sizes": []
                                },
                                "cards_row_gap": {
                                    "unit": "px",
                                    "size": 20,
                                    "sizes": []
                                },
                                "cards_card_bg_color": "#FBFBFE",
                                "cards_card_border_width": {
                                    "unit": "px",
                                    "size": 0,
                                    "sizes": []
                                },
                                "cards_card_border_radius": {
                                    "unit": "px",
                                    "size": 16,
                                    "sizes": []
                                },
                                "cards_card_padding": {
                                    "unit": "px",
                                    "size": 32,
                                    "sizes": []
                                },
                                "cards_image_spacing": {
                                    "unit": "px",
                                    "size": 8,
                                    "sizes": []
                                },
                                "cards_badge_position": "left",
                                "cards_badge_bg_color": "#6D6DEB",
                                "cards_badge_radius": {
                                    "unit": "px",
                                    "size": 8,
                                    "sizes": []
                                },
                                "cards_badge_margin": {
                                    "unit": "px",
                                    "size": 11,
                                    "sizes": []
                                },
                                "cards_badge_typography_typography": "custom",
                                "cards_badge_typography_font_family": "Nunito Sans",
                                "cards_badge_typography_font_weight": "800",
                                "cards_badge_typography_text_transform": "uppercase",
                                "cards_badge_typography_text_decoration": "none",
                                "cards_badge_typography_line_height": {
                                    "unit": "em",
                                    "size": "",
                                    "sizes": []
                                },
                                "cards_badge_typography_letter_spacing": {
                                    "unit": "px",
                                    "size": 0.299999999999999988897769753748434595763683319091796875,
                                    "sizes": []
                                },
                                "cards_title_typography_typography": "custom",
                                "cards_title_typography_font_family": "Nunito Sans",
                                "cards_title_typography_font_size": {
                                    "unit": "px",
                                    "size": 24,
                                    "sizes": []
                                },
                                "cards_title_typography_font_size_tablet": {
                                    "unit": "px",
                                    "size": 24,
                                    "sizes": []
                                },
                                "cards_title_typography_font_size_mobile": {
                                    "unit": "px",
                                    "size": 24,
                                    "sizes": []
                                },
                                "cards_title_typography_font_weight": "bold",
                                "cards_title_typography_text_decoration": "none",
                                "cards_title_typography_line_height": {
                                    "unit": "px",
                                    "size": 25,
                                    "sizes": []
                                },
                                "cards_title_typography_letter_spacing": {
                                    "unit": "px",
                                    "size": -0.479999999999999982236431605997495353221893310546875,
                                    "sizes": []
                                },
                                "cards_title_spacing": {
                                    "unit": "px",
                                    "size": 16,
                                    "sizes": []
                                },
                                "cards_excerpt_typography_typography": "custom",
                                "cards_excerpt_typography_font_family": "Nunito Sans",
                                "cards_excerpt_typography_font_size": {
                                    "unit": "px",
                                    "size": 14,
                                    "sizes": []
                                },
                                "cards_excerpt_typography_font_size_tablet": {
                                    "unit": "px",
                                    "size": 13,
                                    "sizes": []
                                },
                                "cards_excerpt_typography_font_size_mobile": {
                                    "unit": "px",
                                    "size": 12,
                                    "sizes": []
                                },
                                "cards_excerpt_typography_line_height": {
                                    "unit": "px",
                                    "size": 20,
                                    "sizes": []
                                },
                                "cards_excerpt_spacing": {
                                    "unit": "px",
                                    "size": 16,
                                    "sizes": []
                                },
                                "pagination_page_limit": "5",
                                "pagination_prev_label": "&laquo; Previous",
                                "pagination_next_label": "Next &raquo;",
                                "__globals__": {
                                    "cards_card_bg_color": "globals\/colors?id=a291686",
                                    "cards_badge_bg_color": "globals\/colors?id=dea41e4",
                                    "cards_badge_typography_typography": "globals\/typography?id=5b2b518",
                                    "cards_title_typography_typography": "",
                                    "cards_excerpt_typography_typography": ""
                                },
                                "cards_badge_typography_font_size": {
                                    "unit": "px",
                                    "size": 10,
                                    "sizes": []
                                },
                                "cards_badge_typography_font_size_tablet": {
                                    "unit": "px",
                                    "size": "",
                                    "sizes": []
                                },
                                "cards_badge_typography_font_size_mobile": {
                                    "unit": "px",
                                    "size": "",
                                    "sizes": []
                                }
                            },
                            "elements": [],
                            "isInner": false,
                            "widgetType": "posts",
                            "elType": "widget"
                        }
                    ],
                    "isInner": false,
                    "elType": "column"
                },
                {
                    "id": "3c8ea556",
                    "settings": {
                        "_column_size": 50,
                        "_inline_size": 30,
                        "_inline_size_tablet": 100
                    },
                    "elements": [
                        {
                            "id": "2503e5cc",
                            "settings": {
                                "_ob_bbad_inner_width": "100%",
                                "_ob_glider_nav_pos_y_alt": "50% - 25px",
                                "_ob_glider_nav_pos_x_prev_alt": "0%",
                                "_ob_glider_nav_pos_x_next_alt": "0%"
                            },
                            "elements": [
                                {
                                    "id": "11448a0a",
                                    "settings": {
                                        "_column_size": 100,
                                        "_inline_size": null,
                                        "background_background": "classic",
                                        "border_radius": {
                                            "unit": "px",
                                            "top": "16",
                                            "right": "16",
                                            "bottom": "16",
                                            "left": "16",
                                            "isLinked": true
                                        },
                                        "box_shadow_box_shadow_type": "yes",
                                        "box_shadow_box_shadow": {
                                            "horizontal": 0,
                                            "vertical": 13,
                                            "blur": 27,
                                            "spread": -5,
                                            "color": "rgba(50.00000000000001, 50.00000000000001, 50.00000000000001, 0.25)"
                                        },
                                        "margin": {
                                            "unit": "em",
                                            "top": "0",
                                            "right": "0",
                                            "bottom": "1",
                                            "left": "0",
                                            "isLinked": false
                                        },
                                        "padding": {
                                            "unit": "em",
                                            "top": "1",
                                            "right": "1",
                                            "bottom": "1",
                                            "left": "1",
                                            "isLinked": false
                                        },
                                        "__globals__": {
                                            "background_color": "globals\/colors?id=91455cb"
                                        }
                                    },
                                    "elements": [
                                        {
                                            "id": "6921dfda",
                                            "settings": {
                                                "width": {
                                                    "unit": "px",
                                                    "size": 16,
                                                    "sizes": []
                                                },
                                                "align": "left",
                                                "text": "Divider",
                                                "weight": {
                                                    "unit": "px",
                                                    "size": 2.5,
                                                    "sizes": []
                                                },
                                                "gap": {
                                                    "unit": "px",
                                                    "size": 2,
                                                    "sizes": []
                                                },
                                                "_margin": {
                                                    "unit": "px",
                                                    "top": "0",
                                                    "right": "0",
                                                    "bottom": "0",
                                                    "left": "0",
                                                    "isLinked": false
                                                },
                                                "_padding": {
                                                    "unit": "px",
                                                    "top": "0",
                                                    "right": "0",
                                                    "bottom": "0",
                                                    "left": "08",
                                                    "isLinked": false
                                                },
                                                "_element_width": "auto",
                                                "_element_vertical_align": "center",
                                                "__globals__": {
                                                    "color": "globals\/colors?id=a185853"
                                                },
                                                "hide_mobile": "hidden-mobile"
                                            },
                                            "elements": [],
                                            "isInner": false,
                                            "widgetType": "divider",
                                            "elType": "widget"
                                        },
                                        {
                                            "id": "4a420f2f",
                                            "settings": {
                                                "title": "Popular Post",
                                                "_padding": {
                                                    "unit": "px",
                                                    "top": "0",
                                                    "right": "0",
                                                    "bottom": "0",
                                                    "left": "8",
                                                    "isLinked": false
                                                },
                                                "__globals__": {
                                                    "typography_typography": "",
                                                    "title_color": "globals\/colors?id=a185853"
                                                },
                                                "align_mobile": "center",
                                                "_element_width": "auto",
                                                "_element_width_mobile": "inherit",
                                                "title_color": "#EB6DEB",
                                                "typography_typography": "custom",
                                                "typography_font_family": "Nunito Sans",
                                                "typography_font_size": {
                                                    "unit": "px",
                                                    "size": 12,
                                                    "sizes": []
                                                },
                                                "typography_font_weight": "800",
                                                "typography_text_transform": "uppercase",
                                                "typography_text_decoration": "none",
                                                "typography_line_height": {
                                                    "unit": "em",
                                                    "size": "",
                                                    "sizes": []
                                                },
                                                "typography_letter_spacing": {
                                                    "unit": "px",
                                                    "size": 0.299999999999999988897769753748434595763683319091796875,
                                                    "sizes": []
                                                }
                                            },
                                            "elements": [],
                                            "isInner": false,
                                            "widgetType": "heading",
                                            "elType": "widget"
                                        },
                                        {
                                            "id": "186d082c",
                                            "settings": {
                                                "classic_columns": "1",
                                                "classic_posts_per_page": 7,
                                                "classic_thumbnail": "left",
                                                "classic_thumbnail_size_size": "full",
                                                "classic_item_ratio": {
                                                    "unit": "px",
                                                    "size": 1,
                                                    "sizes": []
                                                },
                                                "classic_image_width": {
                                                    "unit": "px",
                                                    "size": 72,
                                                    "sizes": []
                                                },
                                                "classic_show_excerpt": "",
                                                "classic_meta_data": [
                                                    "author",
                                                    "date"
                                                ],
                                                "classic_meta_separator": "|",
                                                "classic_show_read_more": "",
                                                "classic_read_more_text": "Read More \u00bb",
                                                "cards_meta_separator": "\u2022",
                                                "cards_read_more_text": "Read More \u00bb",
                                                "full_content_meta_separator": "\/\/\/",
                                                "classic_column_gap": {
                                                    "unit": "px",
                                                    "size": 32,
                                                    "sizes": []
                                                },
                                                "classic_row_gap": {
                                                    "unit": "px",
                                                    "size": 20,
                                                    "sizes": []
                                                },
                                                "classic_alignment": "left",
                                                "classic_img_border_radius": {
                                                    "unit": "px",
                                                    "top": "8",
                                                    "right": "8",
                                                    "bottom": "8",
                                                    "left": "8",
                                                    "isLinked": true
                                                },
                                                "classic_image_spacing": {
                                                    "unit": "px",
                                                    "size": 9,
                                                    "sizes": []
                                                },
                                                "pagination_page_limit": "5",
                                                "pagination_prev_label": "&laquo; Previous",
                                                "pagination_next_label": "Next &raquo;",
                                                "__globals__": {
                                                    "classic_title_typography_typography": "",
                                                    "classic_title_color": "globals\/colors?id=a291686",
                                                    "classic_meta_color": "globals\/colors?id=102ed2d",
                                                    "classic_meta_typography_typography": "globals\/typography?id=84ca66e",
                                                    "classic_box_bg_color": "",
                                                    "_background_color": "",
                                                    "classic_meta_separator_color": ""
                                                },
                                                "classic_meta_color": "#EFE4D9",
                                                "classic_title_typography_typography": "custom",
                                                "classic_title_typography_font_family": "Nunito Sans",
                                                "classic_title_typography_font_size": {
                                                    "unit": "px",
                                                    "size": 16,
                                                    "sizes": []
                                                },
                                                "classic_title_typography_font_size_tablet": {
                                                    "unit": "px",
                                                    "size": 16,
                                                    "sizes": []
                                                },
                                                "classic_title_typography_font_size_mobile": {
                                                    "unit": "px",
                                                    "size": 14,
                                                    "sizes": []
                                                },
                                                "classic_title_typography_font_weight": "bold",
                                                "classic_title_typography_text_decoration": "none",
                                                "classic_title_typography_line_height": {
                                                    "unit": "em",
                                                    "size": 1.100000000000000088817841970012523233890533447265625,
                                                    "sizes": []
                                                },
                                                "classic_meta_typography_typography": "custom",
                                                "classic_meta_typography_font_family": "Nunito Sans",
                                                "classic_meta_typography_font_size": {
                                                    "unit": "px",
                                                    "size": 10,
                                                    "sizes": []
                                                },
                                                "classic_meta_typography_font_size_tablet": {
                                                    "unit": "px",
                                                    "size": 13,
                                                    "sizes": []
                                                },
                                                "classic_meta_typography_font_size_mobile": {
                                                    "unit": "px",
                                                    "size": 12,
                                                    "sizes": []
                                                },
                                                "classic_meta_typography_font_weight": "bold",
                                                "classic_meta_typography_line_height": {
                                                    "unit": "em",
                                                    "size": "",
                                                    "sizes": []
                                                },
                                                "classic_meta_typography_letter_spacing": {
                                                    "unit": "px",
                                                    "size": 0.7199999999999999733546474089962430298328399658203125,
                                                    "sizes": []
                                                },
                                                "classic_item_ratio_mobile": {
                                                    "unit": "px",
                                                    "size": 1,
                                                    "sizes": []
                                                },
                                                "classic_image_width_mobile": {
                                                    "unit": "%",
                                                    "size": 27,
                                                    "sizes": []
                                                },
                                                "classic_box_shadow_box_shadow": {
                                                    "horizontal": 0,
                                                    "vertical": 13,
                                                    "blur": 27,
                                                    "spread": -5,
                                                    "color": "rgba(49.99999999999999, 49.99999999999999, 93, 0.255)"
                                                },
                                                "classic_title_spacing": {
                                                    "unit": "px",
                                                    "size": 8,
                                                    "sizes": []
                                                },
                                                "_padding": {
                                                    "unit": "em",
                                                    "top": "",
                                                    "right": "",
                                                    "bottom": "",
                                                    "left": "",
                                                    "isLinked": true
                                                },
                                                "_background_background": "classic",
                                                "_box_shadow_box_shadow": {
                                                    "horizontal": 0,
                                                    "vertical": 13,
                                                    "blur": 27,
                                                    "spread": -5,
                                                    "color": "rgba(50.00000000000001, 50.00000000000001, 50.00000000000001, 0.25)"
                                                },
                                                "classic_title_color": "#FBFBFE"
                                            },
                                            "elements": [],
                                            "isInner": false,
                                            "widgetType": "posts",
                                            "elType": "widget"
                                        }
                                    ],
                                    "isInner": true,
                                    "elType": "column"
                                }
                            ],
                            "isInner": true,
                            "elType": "section"
                        }
                    ],
                    "isInner": false,
                    "elType": "column"
                }
            ],
            "isInner": false,
            "elType": "section"
        },
        {
            "id": "18fd56d7",
            "settings": {
                "_ob_glider_nav_pos_y_alt": "50% - 25px",
                "_ob_glider_nav_pos_x_prev_alt": "0%",
                "_ob_glider_nav_pos_x_next_alt": "0%",
                "background_background": "classic",
                "padding": {
                    "unit": "em",
                    "top": "07",
                    "right": "0",
                    "bottom": "7",
                    "left": "0",
                    "isLinked": false
                },
                "__globals__": {
                    "background_color": "globals\/colors?id=91455cb",
                    "background_color_b": "globals\/colors?id=91455cb"
                },
                "background_color_b": "#070735",
                "background_color_b_stop": {
                    "unit": "%",
                    "size": 36,
                    "sizes": []
                },
                "background_gradient_angle": {
                    "unit": "deg",
                    "size": 150,
                    "sizes": []
                },
                "background_overlay_background": "classic",
                "background_overlay_image": {
                    "url": "https:\/\/demo.moxcreative.com\/vella\/wp-content\/uploads\/sites\/69\/2021\/10\/Section-Background-dark.jpg",
                    "id": 1215,
                    "alt": "",
                    "source": "library"
                },
                "background_overlay_position": "center center",
                "background_overlay_attachment": "fixed",
                "background_overlay_repeat": "no-repeat",
                "background_overlay_size": "cover",
                "background_overlay_opacity": {
                    "unit": "px",
                    "size": 0.0899999999999999966693309261245303787291049957275390625,
                    "sizes": []
                }
            },
            "elements": [
                {
                    "id": "3795ecc4",
                    "settings": {
                        "_column_size": 100,
                        "_inline_size": 100,
                        "align": "center"
                    },
                    "elements": [
                        {
                            "id": "25af1f43",
                            "settings": {
                                "title": "Newsletter",
                                "align": "center",
                                "__globals__": {
                                    "typography_typography": "globals\/typography?id=5d167aa",
                                    "title_color": "globals\/colors?id=a291686"
                                },
                                "_element_width": "initial",
                                "_element_width_mobile": "inherit",
                                "_element_custom_width": {
                                    "unit": "%",
                                    "size": 50,
                                    "sizes": []
                                }
                            },
                            "elements": [],
                            "isInner": false,
                            "widgetType": "heading",
                            "elType": "widget"
                        },
                        {
                            "id": "7d2fa2b4",
                            "settings": {
                                "title": "Sign up our newsletter to get update, insight and news.\n",
                                "align": "center",
                                "__globals__": {
                                    "typography_typography": "globals\/typography?id=83682a1",
                                    "title_color": "globals\/colors?id=a291686"
                                }
                            },
                            "elements": [],
                            "isInner": false,
                            "widgetType": "heading",
                            "elType": "widget"
                        },
                        {
                            "id": "664acab",
                            "settings": {
                                "form_name": "New Form",
                                "form_fields": [
                                    {
                                        "custom_id": "email",
                                        "field_type": "email",
                                        "required": "true",
                                        "placeholder": "Email",
                                        "width": "70",
                                        "_id": "972bfa7",
                                        "width_mobile": "70"
                                    }
                                ],
                                "input_size": "md",
                                "button_size": "md",
                                "button_width": "30",
                                "step_next_label": "Next",
                                "step_previous_label": "Previous",
                                "button_text": "Send",
                                "email_content": "[all-fields]",
                                "email_content_2": "[all-fields]",
                                "success_message": "The form was sent successfully.",
                                "error_message": "An error occurred.",
                                "required_field_message": "This field is required.",
                                "invalid_message": "There's something wrong. The form is invalid.",
                                "column_gap": {
                                    "unit": "px",
                                    "size": 8,
                                    "sizes": []
                                },
                                "_padding": {
                                    "unit": "em",
                                    "top": "2",
                                    "right": "2",
                                    "bottom": "2",
                                    "left": "2",
                                    "isLinked": true
                                },
                                "_element_vertical_align": "center",
                                "button_width_mobile": "20",
                                "_padding_mobile": {
                                    "unit": "em",
                                    "top": "0",
                                    "right": "0",
                                    "bottom": "0",
                                    "left": "0",
                                    "isLinked": true
                                },
                                "_element_width": "initial",
                                "_element_width_mobile": "inherit",
                                "_element_custom_width": {
                                    "unit": "%",
                                    "size": 50,
                                    "sizes": []
                                },
                                "_element_custom_width_mobile": {
                                    "unit": "%",
                                    "size": 100,
                                    "sizes": []
                                }
                            },
                            "elements": [],
                            "isInner": false,
                            "widgetType": "form",
                            "elType": "widget"
                        }
                    ],
                    "isInner": false,
                    "elType": "column"
                }
            ],
            "isInner": false,
            "elType": "section"
        }
    ],
    "page_settings": {
        "eael_ext_toc_title": "Table of Contents"
    }
}