{
    "version": "0.4",
    "title": "Vella V1 &#8211; Header",
    "type": "header",
    "metadata": {
        "template_type": "section-header",
        "include_in_zip": "1",
        "elementor_pro_required": "1",
        "elementor_library_type": "header",
        "elementor_pro_conditions": [
            "include\/general"
        ],
        "additional_template_information": [
            "This is a \"Header\" template for Elementor Pro.",
            "This template will display on: Entire Site."
        ],
        "wp_page_template": "default"
    },
    "content": [
        {
            "id": "26de9dde",
            "settings": {
                "_ob_glider_nav_pos_y_alt": "50% - 25px",
                "_ob_glider_nav_pos_x_prev_alt": "0%",
                "_ob_glider_nav_pos_x_next_alt": "0%",
                "structure": "30",
                "background_background": "classic",
                "__globals__": {
                    "background_color": "",
                    "background_color_b": "globals\/colors?id=a185853",
                    "background_overlay_color": "globals\/colors?id=91455cb"
                },
                "background_gradient_angle": {
                    "unit": "deg",
                    "size": 135,
                    "sizes": []
                },
                "z_index": 100,
                "background_color_stop": {
                    "unit": "%",
                    "size": 22,
                    "sizes": []
                },
                "background_color_b": "#EB6DEB",
                "padding": {
                    "unit": "em",
                    "top": "1",
                    "right": "1",
                    "bottom": "1",
                    "left": "1",
                    "isLinked": false
                },
                "background_color": "#070735",
                "background_motion_fx_motion_fx_scrolling": "yes",
                "background_motion_fx_opacity_effect": "yes",
                "background_motion_fx_opacity_range": {
                    "unit": "%",
                    "size": "",
                    "sizes": {
                        "start": 100,
                        "end": 100
                    }
                },
                "background_motion_fx_range": "viewport",
                "background_motion_fx_mouseTrack_direction": "negative",
                "background_overlay_color": "#070735",
                "background_overlay_opacity": {
                    "unit": "px",
                    "size": 1,
                    "sizes": []
                },
                "motion_fx_opacity_level": {
                    "unit": "px",
                    "size": 6.70000000000000017763568394002504646778106689453125,
                    "sizes": []
                },
                "sticky": "top",
                "margin": {
                    "unit": "%",
                    "top": "0",
                    "right": 0,
                    "bottom": "-7",
                    "left": 0,
                    "isLinked": false
                }
            },
            "elements": [
                {
                    "id": "2a28b5eb",
                    "settings": {
                        "_column_size": 33,
                        "_inline_size": 40,
                        "content_position": "center",
                        "_inline_size_mobile": 20,
                        "align_mobile": "flex-start",
                        "margin": {
                            "unit": "px",
                            "top": "0",
                            "right": "0",
                            "bottom": "0",
                            "left": "0",
                            "isLinked": false
                        },
                        "padding": {
                            "unit": "px",
                            "top": "0",
                            "right": "8",
                            "bottom": "0",
                            "left": "0",
                            "isLinked": false
                        }
                    },
                    "elements": [
                        {
                            "id": "3f34c10",
                            "settings": {
                                "selected_icon": {
                                    "value": "icon icon-menu-9",
                                    "library": "ekiticons"
                                },
                                "shape": "square",
                                "align": "left",
                                "align_mobile": "right",
                                "primary_color": "#6D6DEB",
                                "secondary_color": "#FBFBFE",
                                "hover_secondary_color": "#FBFBFE",
                                "size": {
                                    "unit": "px",
                                    "size": 32,
                                    "sizes": []
                                },
                                "size_mobile": {
                                    "unit": "px",
                                    "size": 24,
                                    "sizes": []
                                },
                                "_element_width": "auto",
                                "__globals__": {
                                    "primary_color": "globals\/colors?id=a291686",
                                    "secondary_color": "globals\/colors?id=a291686",
                                    "hover_primary_color": "globals\/colors?id=dea41e4",
                                    "hover_secondary_color": "globals\/colors?id=a291686"
                                },
                                "__dynamic__": {
                                    "link": "[elementor-tag id=\"efbc35e\" name=\"popup\" settings=\"%7B%22popup%22%3A%2221%22%7D\"]"
                                }
                            },
                            "elements": [],
                            "isInner": false,
                            "widgetType": "icon",
                            "elType": "widget"
                        }
                    ],
                    "isInner": false,
                    "elType": "column"
                },
                {
                    "id": "31e19d72",
                    "settings": {
                        "_column_size": 33,
                        "_inline_size": 19.666000000000000369482222595252096652984619140625,
                        "content_position": "center",
                        "_inline_size_mobile": 80,
                        "align_mobile": "center",
                        "margin": {
                            "unit": "px",
                            "top": "0",
                            "right": "0",
                            "bottom": "0",
                            "left": "0",
                            "isLinked": false
                        },
                        "padding": {
                            "unit": "px",
                            "top": "0",
                            "right": "8",
                            "bottom": "0",
                            "left": "8",
                            "isLinked": false
                        }
                    },
                    "elements": [
                        {
                            "id": "7802a39a",
                            "settings": {
                                "image": {
                                    "url": "https:\/\/demo.moxcreative.com\/vella\/wp-content\/uploads\/sites\/69\/2021\/09\/logo-light.png",
                                    "id": 218,
                                    "alt": "",
                                    "source": "library"
                                },
                                "image_size": "custom",
                                "image_custom_dimension": {
                                    "width": "",
                                    "height": "32"
                                },
                                "align": "center",
                                "_margin_mobile": {
                                    "unit": "%",
                                    "top": "0",
                                    "right": "0",
                                    "bottom": "0",
                                    "left": "-100",
                                    "isLinked": false
                                },
                                "_element_width_mobile": "auto",
                                "_margin": {
                                    "unit": "px",
                                    "top": "0",
                                    "right": "0",
                                    "bottom": "0",
                                    "left": "0",
                                    "isLinked": false
                                },
                                "_padding": {
                                    "unit": "px",
                                    "top": "0",
                                    "right": "0",
                                    "bottom": "0",
                                    "left": "0",
                                    "isLinked": false
                                },
                                "link_to": "custom",
                                "__dynamic__": {
                                    "link": "[elementor-tag id=\"bb035fe\" name=\"site-url\" settings=\"%7B%7D\"]"
                                }
                            },
                            "elements": [],
                            "isInner": false,
                            "widgetType": "image",
                            "elType": "widget"
                        }
                    ],
                    "isInner": false,
                    "elType": "column"
                },
                {
                    "id": "191ebe61",
                    "settings": {
                        "_column_size": 33,
                        "_inline_size": 40,
                        "content_position": "center",
                        "hide_mobile": "hidden-mobile",
                        "margin": {
                            "unit": "px",
                            "top": "0",
                            "right": "0",
                            "bottom": "0",
                            "left": "0",
                            "isLinked": false
                        },
                        "padding": {
                            "unit": "px",
                            "top": "0",
                            "right": "0",
                            "bottom": "0",
                            "left": "08",
                            "isLinked": false
                        },
                        "align": "flex-end"
                    },
                    "elements": [
                        {
                            "id": "7e85385b",
                            "settings": {
                                "social_icon_list": [
                                    {
                                        "social_icon": {
                                            "value": "fab fa-pinterest",
                                            "library": "fa-brands"
                                        },
                                        "_id": "c8ce909"
                                    },
                                    {
                                        "social_icon": {
                                            "value": "icon icon-dribbble-1",
                                            "library": "ekiticons"
                                        },
                                        "_id": "df1c685"
                                    },
                                    {
                                        "social_icon": {
                                            "value": "fab fa-behance-square",
                                            "library": "fa-brands"
                                        },
                                        "_id": "410b9aa"
                                    }
                                ],
                                "align": "right",
                                "icon_color": "custom",
                                "icon_primary_color": "#02010100",
                                "icon_size": {
                                    "unit": "px",
                                    "size": 24,
                                    "sizes": []
                                },
                                "icon_padding": {
                                    "unit": "em",
                                    "size": 0.299999999999999988897769753748434595763683319091796875,
                                    "sizes": []
                                },
                                "icon_spacing": {
                                    "unit": "px",
                                    "size": 8,
                                    "sizes": []
                                },
                                "__globals__": {
                                    "icon_secondary_color": "globals\/colors?id=a291686",
                                    "hover_primary_color": "",
                                    "hover_secondary_color": ""
                                },
                                "hover_animation": "grow",
                                "shape": "square",
                                "icon_secondary_color": "#FBFBFE",
                                "_element_width": "auto",
                                "hide_tablet": "hidden-tablet",
                                "hide_mobile": "hidden-mobile"
                            },
                            "elements": [],
                            "isInner": false,
                            "widgetType": "social-icons",
                            "elType": "widget"
                        },
                        {
                            "id": "1c8cf54e",
                            "settings": {
                                "text": "Get Started",
                                "_margin": {
                                    "unit": "px",
                                    "top": "0",
                                    "right": "0",
                                    "bottom": "0",
                                    "left": "016",
                                    "isLinked": false
                                },
                                "_element_width": "auto"
                            },
                            "elements": [],
                            "isInner": false,
                            "widgetType": "button",
                            "elType": "widget"
                        }
                    ],
                    "isInner": false,
                    "elType": "column"
                }
            ],
            "isInner": false,
            "elType": "section"
        }
    ]
}