{
    "version": "0.4",
    "title": "Vella V1 &#8211; Footer",
    "type": "footer",
    "metadata": {
        "template_type": "section-footer",
        "include_in_zip": "1",
        "elementor_pro_required": "1",
        "elementor_library_type": "footer",
        "elementor_pro_conditions": [
            "include\/general"
        ],
        "additional_template_information": [
            "This is a \"Footer\" template for Elementor Pro.",
            "This template will display on: Entire Site."
        ],
        "wp_page_template": "default"
    },
    "content": [
        {
            "id": "619c8ce7",
            "settings": {
                "_ob_glider_nav_pos_y_alt": "50% - 25px",
                "_ob_glider_nav_pos_x_prev_alt": "0%",
                "_ob_glider_nav_pos_x_next_alt": "0%",
                "structure": "20",
                "background_background": "classic",
                "padding": {
                    "unit": "px",
                    "top": "64",
                    "right": "0",
                    "bottom": "64",
                    "left": "0",
                    "isLinked": false
                },
                "__globals__": {
                    "background_color": "globals\/colors?id=91455cb"
                },
                "padding_tablet": {
                    "unit": "px",
                    "top": "32",
                    "right": "12",
                    "bottom": "32",
                    "left": "12",
                    "isLinked": false
                },
                "padding_mobile": {
                    "unit": "px",
                    "top": "24",
                    "right": "24",
                    "bottom": "32",
                    "left": "24",
                    "isLinked": false
                },
                "reverse_order_mobile": "reverse-mobile",
                "custom_height_mobile": {
                    "unit": "vh",
                    "size": 1,
                    "sizes": []
                }
            },
            "elements": [
                {
                    "id": "1575e8dc",
                    "settings": {
                        "_column_size": 50,
                        "_inline_size": 50,
                        "content_position": "center",
                        "content_position_tablet": "center",
                        "padding": {
                            "unit": "px",
                            "top": "0",
                            "right": "0",
                            "bottom": "0",
                            "left": "0",
                            "isLinked": false
                        },
                        "_inline_size_tablet": 40
                    },
                    "elements": [
                        {
                            "id": "220e5af",
                            "settings": {
                                "_ob_bbad_inner_width": "100%",
                                "_ob_glider_nav_pos_y_alt": "50% - 25px",
                                "_ob_glider_nav_pos_x_prev_alt": "0%",
                                "_ob_glider_nav_pos_x_next_alt": "0%",
                                "structure": "20",
                                "layout": "full_width",
                                "gap": "custom",
                                "padding": {
                                    "unit": "px",
                                    "top": "0",
                                    "right": "0",
                                    "bottom": "0",
                                    "left": "0",
                                    "isLinked": true
                                }
                            },
                            "elements": [
                                {
                                    "id": "7d60ec91",
                                    "settings": {
                                        "_column_size": 50,
                                        "_inline_size": 50,
                                        "content_position": "center",
                                        "padding": {
                                            "unit": "px",
                                            "top": "8",
                                            "right": "8",
                                            "bottom": "8",
                                            "left": "8",
                                            "isLinked": true
                                        },
                                        "hide_tablet": "hidden-tablet",
                                        "hide_mobile": "hidden-mobile"
                                    },
                                    "elements": [
                                        {
                                            "id": "61fec752",
                                            "settings": {
                                                "address": "London Eye, London, United Kingdom",
                                                "zoom": {
                                                    "unit": "px",
                                                    "size": 11,
                                                    "sizes": []
                                                },
                                                "height": {
                                                    "unit": "vh",
                                                    "size": 33,
                                                    "sizes": []
                                                },
                                                "css_filters_hue": {
                                                    "unit": "px",
                                                    "size": 100,
                                                    "sizes": []
                                                },
                                                "_border_radius": {
                                                    "unit": "px",
                                                    "top": "8",
                                                    "right": "8",
                                                    "bottom": "8",
                                                    "left": "8",
                                                    "isLinked": true
                                                },
                                                "_box_shadow_box_shadow": {
                                                    "horizontal": 0,
                                                    "vertical": 0,
                                                    "blur": 10,
                                                    "spread": 0,
                                                    "color": "rgba(118.49999999999999, 84.23804347826086, 84.23804347826086, 0.5)"
                                                },
                                                "_element_vertical_align": "center",
                                                "_offset_x": {
                                                    "unit": "px",
                                                    "size": -64,
                                                    "sizes": []
                                                },
                                                "_offset_y": {
                                                    "unit": "px",
                                                    "size": -196,
                                                    "sizes": []
                                                },
                                                "_offset_y_end": {
                                                    "unit": "vh",
                                                    "size": 4,
                                                    "sizes": []
                                                }
                                            },
                                            "elements": [],
                                            "isInner": false,
                                            "widgetType": "google_maps",
                                            "elType": "widget"
                                        }
                                    ],
                                    "isInner": true,
                                    "elType": "column"
                                },
                                {
                                    "id": "f6e1821",
                                    "settings": {
                                        "_column_size": 50,
                                        "padding": {
                                            "unit": "em",
                                            "top": "2",
                                            "right": "2",
                                            "bottom": "2",
                                            "left": "2",
                                            "isLinked": true
                                        },
                                        "_inline_size_tablet": 100
                                    },
                                    "elements": [
                                        {
                                            "id": "327c22f4",
                                            "settings": {
                                                "title": "Headquater",
                                                "header_size": "span",
                                                "__globals__": {
                                                    "typography_typography": "globals\/typography?id=d3dae9a",
                                                    "title_color": "globals\/colors?id=a291686"
                                                },
                                                "align_mobile": "center",
                                                "align_tablet": "left"
                                            },
                                            "elements": [],
                                            "isInner": false,
                                            "widgetType": "heading",
                                            "elType": "widget"
                                        },
                                        {
                                            "id": "160efe17",
                                            "settings": {
                                                "icon_list": [
                                                    {
                                                        "text": "Cempaka Wangi No 22, Jakarta - Indonesia",
                                                        "selected_icon": {
                                                            "value": "fas fa-map-marked-alt",
                                                            "library": "fa-solid"
                                                        },
                                                        "_id": "4112bbc"
                                                    }
                                                ],
                                                "icon_align": "left",
                                                "icon_size": {
                                                    "unit": "px",
                                                    "size": 16,
                                                    "sizes": []
                                                },
                                                "icon_self_align": "center",
                                                "text_indent": {
                                                    "unit": "px",
                                                    "size": 8,
                                                    "sizes": []
                                                },
                                                "_animation": "none",
                                                "__globals__": {
                                                    "icon_color": "globals\/colors?id=c362cef",
                                                    "text_color": "globals\/colors?id=c362cef",
                                                    "icon_typography_typography": "globals\/typography?id=69c152f"
                                                },
                                                "icon_align_mobile": "center"
                                            },
                                            "elements": [],
                                            "isInner": false,
                                            "widgetType": "icon-list",
                                            "elType": "widget"
                                        },
                                        {
                                            "id": "42b89939",
                                            "settings": {
                                                "space": {
                                                    "unit": "px",
                                                    "size": 8,
                                                    "sizes": []
                                                },
                                                "_ob_spacerat_use": ""
                                            },
                                            "elements": [],
                                            "isInner": false,
                                            "widgetType": "spacer",
                                            "elType": "widget"
                                        },
                                        {
                                            "id": "54673787",
                                            "settings": {
                                                "title": "Branch",
                                                "header_size": "span",
                                                "__globals__": {
                                                    "typography_typography": "globals\/typography?id=d3dae9a",
                                                    "title_color": "globals\/colors?id=a291686"
                                                },
                                                "align_mobile": "center"
                                            },
                                            "elements": [],
                                            "isInner": false,
                                            "widgetType": "heading",
                                            "elType": "widget"
                                        },
                                        {
                                            "id": "7dca268b",
                                            "settings": {
                                                "icon_list": [
                                                    {
                                                        "text": "Cempaka Wangi No 22, Jakarta - Indonesia",
                                                        "selected_icon": {
                                                            "value": "fas fa-map-marked-alt",
                                                            "library": "fa-solid"
                                                        },
                                                        "_id": "4112bbc"
                                                    }
                                                ],
                                                "icon_align": "left",
                                                "icon_size": {
                                                    "unit": "px",
                                                    "size": 16,
                                                    "sizes": []
                                                },
                                                "icon_self_align": "center",
                                                "text_indent": {
                                                    "unit": "px",
                                                    "size": 8,
                                                    "sizes": []
                                                },
                                                "__globals__": {
                                                    "icon_color": "globals\/colors?id=c362cef",
                                                    "text_color": "globals\/colors?id=c362cef",
                                                    "icon_typography_typography": "globals\/typography?id=69c152f"
                                                },
                                                "_animation": "none",
                                                "icon_align_mobile": "center"
                                            },
                                            "elements": [],
                                            "isInner": false,
                                            "widgetType": "icon-list",
                                            "elType": "widget"
                                        },
                                        {
                                            "id": "2e8a3109",
                                            "settings": {
                                                "space": {
                                                    "unit": "px",
                                                    "size": 8,
                                                    "sizes": []
                                                },
                                                "_ob_spacerat_use": ""
                                            },
                                            "elements": [],
                                            "isInner": false,
                                            "widgetType": "spacer",
                                            "elType": "widget"
                                        },
                                        {
                                            "id": "14cd5cc5",
                                            "settings": {
                                                "title": "Contact",
                                                "header_size": "span",
                                                "__globals__": {
                                                    "typography_typography": "globals\/typography?id=d3dae9a",
                                                    "title_color": "globals\/colors?id=a291686"
                                                },
                                                "align_mobile": "center"
                                            },
                                            "elements": [],
                                            "isInner": false,
                                            "widgetType": "heading",
                                            "elType": "widget"
                                        },
                                        {
                                            "id": "4cb1eec4",
                                            "settings": {
                                                "icon_list": [
                                                    {
                                                        "text": "Support@yourdomain.ltd",
                                                        "selected_icon": {
                                                            "value": "fas fa-envelope",
                                                            "library": "fa-solid"
                                                        },
                                                        "_id": "4112bbc"
                                                    },
                                                    {
                                                        "_id": "adaa213",
                                                        "text": "+6221.2002.2012",
                                                        "selected_icon": {
                                                            "value": "fas fa-phone-alt",
                                                            "library": "fa-solid"
                                                        }
                                                    }
                                                ],
                                                "space_between": {
                                                    "unit": "px",
                                                    "size": 8,
                                                    "sizes": []
                                                },
                                                "icon_align": "left",
                                                "icon_size": {
                                                    "unit": "px",
                                                    "size": 16,
                                                    "sizes": []
                                                },
                                                "icon_self_align": "center",
                                                "text_indent": {
                                                    "unit": "px",
                                                    "size": 8,
                                                    "sizes": []
                                                },
                                                "__globals__": {
                                                    "icon_color": "globals\/colors?id=c362cef",
                                                    "text_color": "globals\/colors?id=c362cef",
                                                    "icon_typography_typography": "globals\/typography?id=69c152f"
                                                },
                                                "_animation": "none",
                                                "icon_align_mobile": "left"
                                            },
                                            "elements": [],
                                            "isInner": false,
                                            "widgetType": "icon-list",
                                            "elType": "widget"
                                        }
                                    ],
                                    "isInner": true,
                                    "elType": "column"
                                }
                            ],
                            "isInner": true,
                            "elType": "section"
                        }
                    ],
                    "isInner": false,
                    "elType": "column"
                },
                {
                    "id": "205a522f",
                    "settings": {
                        "_column_size": 50,
                        "_inline_size": 50,
                        "space_between_widgets_mobile": 8,
                        "content_position": "center",
                        "padding": {
                            "unit": "em",
                            "top": "2",
                            "right": "2",
                            "bottom": "2",
                            "left": "2",
                            "isLinked": true
                        },
                        "padding_mobile": {
                            "unit": "px",
                            "top": "32",
                            "right": "16",
                            "bottom": "32",
                            "left": "16",
                            "isLinked": false
                        },
                        "_inline_size_tablet": 60
                    },
                    "elements": [
                        {
                            "id": "49267397",
                            "settings": {
                                "title": "Get cofee schedule",
                                "__globals__": {
                                    "title_color": "globals\/colors?id=a291686"
                                },
                                "align_mobile": "center"
                            },
                            "elements": [],
                            "isInner": false,
                            "widgetType": "heading",
                            "elType": "widget"
                        },
                        {
                            "id": "b555112",
                            "settings": {
                                "__globals__": {
                                    "text_color": "globals\/colors?id=c362cef",
                                    "typography_typography": ""
                                },
                                "align_mobile": "center",
                                "text_color": "#8F8FB0",
                                "typography_typography": "custom",
                                "typography_font_family": "Nunito Sans",
                                "typography_font_size": {
                                    "unit": "px",
                                    "size": 16,
                                    "sizes": []
                                },
                                "typography_font_size_tablet": {
                                    "unit": "px",
                                    "size": 15,
                                    "sizes": []
                                },
                                "typography_font_size_mobile": {
                                    "unit": "px",
                                    "size": 14,
                                    "sizes": []
                                },
                                "typography_font_weight": "400",
                                "typography_line_height": {
                                    "unit": "px",
                                    "size": 22,
                                    "sizes": []
                                }
                            },
                            "elements": [],
                            "isInner": false,
                            "widgetType": "text-editor",
                            "elType": "widget"
                        },
                        {
                            "id": "3fc6faaf",
                            "settings": {
                                "form_name": "Email",
                                "form_fields": [
                                    {
                                        "custom_id": "name",
                                        "field_type": "email",
                                        "field_label": "Email",
                                        "placeholder": "Drop your email here",
                                        "width": "70",
                                        "_id": "8e2fb2a",
                                        "width_tablet": "100"
                                    }
                                ],
                                "show_labels": "",
                                "button_width": "30",
                                "step_next_label": "Next",
                                "step_previous_label": "Previous",
                                "button_text": "stay in touch",
                                "email_content": "[all-fields]",
                                "email_content_2": "[all-fields]",
                                "step_type": "none",
                                "success_message": "The form was sent successfully.",
                                "error_message": "An error occurred.",
                                "required_field_message": "This field is required.",
                                "invalid_message": "There's something wrong. The form is invalid.",
                                "column_gap": {
                                    "unit": "px",
                                    "size": 8,
                                    "sizes": []
                                },
                                "field_border_color": "#6D6DEB",
                                "field_border_radius": {
                                    "unit": "px",
                                    "top": "8",
                                    "right": "8",
                                    "bottom": "8",
                                    "left": "8",
                                    "isLinked": true
                                },
                                "__globals__": {
                                    "field_border_color": "globals\/colors?id=dea41e4",
                                    "field_background_color": "globals\/colors?id=a291686"
                                },
                                "button_width_tablet": "100",
                                "row_gap": {
                                    "unit": "px",
                                    "size": 8,
                                    "sizes": []
                                }
                            },
                            "elements": [],
                            "isInner": false,
                            "widgetType": "form",
                            "elType": "widget"
                        },
                        {
                            "id": "d00f7ad",
                            "settings": {
                                "selected_icon": {
                                    "value": "fas fa-exclamation-triangle",
                                    "library": "fa-solid"
                                },
                                "size": {
                                    "unit": "px",
                                    "size": 10,
                                    "sizes": []
                                },
                                "_padding": {
                                    "unit": "px",
                                    "top": "0",
                                    "right": "4",
                                    "bottom": "0",
                                    "left": "0",
                                    "isLinked": false
                                },
                                "_element_width": "auto"
                            },
                            "elements": [],
                            "isInner": false,
                            "widgetType": "icon",
                            "elType": "widget"
                        },
                        {
                            "id": "4f2a7836",
                            "settings": {
                                "title": "Sapien dui consectetur nam rutrum quis neque",
                                "header_size": "span",
                                "__globals__": {
                                    "typography_typography": "globals\/typography?id=69c152f",
                                    "title_color": "globals\/colors?id=c362cef"
                                },
                                "_element_width": "auto"
                            },
                            "elements": [],
                            "isInner": false,
                            "widgetType": "heading",
                            "elType": "widget"
                        },
                        {
                            "id": "60f6815f",
                            "settings": {
                                "space": {
                                    "unit": "px",
                                    "size": 8,
                                    "sizes": []
                                },
                                "space_mobile": {
                                    "unit": "px",
                                    "size": 16,
                                    "sizes": []
                                },
                                "_ob_spacerat_use": ""
                            },
                            "elements": [],
                            "isInner": false,
                            "widgetType": "spacer",
                            "elType": "widget"
                        },
                        {
                            "id": "34850938",
                            "settings": {
                                "title": "Follow Us",
                                "header_size": "span",
                                "__globals__": {
                                    "typography_typography": "globals\/typography?id=d3dae9a",
                                    "title_color": "globals\/colors?id=a291686"
                                },
                                "align_mobile": "center",
                                "_padding": {
                                    "unit": "px",
                                    "top": "0",
                                    "right": "8",
                                    "bottom": "0",
                                    "left": "0",
                                    "isLinked": false
                                },
                                "_padding_mobile": {
                                    "unit": "px",
                                    "top": "0",
                                    "right": "0",
                                    "bottom": "0",
                                    "left": "0",
                                    "isLinked": true
                                },
                                "_element_width": "auto",
                                "_element_width_mobile": "inherit",
                                "_element_vertical_align": "center"
                            },
                            "elements": [],
                            "isInner": false,
                            "widgetType": "heading",
                            "elType": "widget"
                        },
                        {
                            "id": "11ac04ee",
                            "settings": {
                                "space_mobile": {
                                    "unit": "px",
                                    "size": 8,
                                    "sizes": []
                                },
                                "hide_desktop": "hidden-desktop",
                                "hide_tablet": "hidden-tablet"
                            },
                            "elements": [],
                            "isInner": false,
                            "widgetType": "spacer",
                            "elType": "widget"
                        },
                        {
                            "id": "17b2fe9",
                            "settings": {
                                "social_icon_list": [
                                    {
                                        "social_icon": {
                                            "value": "icon icon-pinterest",
                                            "library": "ekiticons"
                                        },
                                        "_id": "b1d5bfa",
                                        "item_icon_color": "custom",
                                        "item_icon_secondary_color": "#6E6E8B",
                                        "__globals__": {
                                            "item_icon_primary_color": "",
                                            "item_icon_secondary_color": "globals\/colors?id=bf23360"
                                        }
                                    },
                                    {
                                        "social_icon": {
                                            "value": "icon icon-dribbble-1",
                                            "library": "ekiticons"
                                        },
                                        "_id": "952b25b",
                                        "item_icon_color": "custom",
                                        "__globals__": {
                                            "item_icon_secondary_color": "globals\/colors?id=bf23360"
                                        }
                                    },
                                    {
                                        "social_icon": {
                                            "value": "icon icon-behance",
                                            "library": "ekiticons"
                                        },
                                        "_id": "8241a94",
                                        "item_icon_color": "custom",
                                        "__globals__": {
                                            "item_icon_secondary_color": "globals\/colors?id=bf23360"
                                        }
                                    }
                                ],
                                "align": "left",
                                "icon_color": "custom",
                                "icon_primary_color": "#02010100",
                                "icon_secondary_color": "#020101",
                                "icon_size": {
                                    "unit": "px",
                                    "size": 20,
                                    "sizes": []
                                },
                                "icon_spacing": {
                                    "unit": "px",
                                    "size": "",
                                    "sizes": []
                                },
                                "row_gap": {
                                    "unit": "px",
                                    "size": "",
                                    "sizes": []
                                },
                                "hover_animation": "grow",
                                "__globals__": {
                                    "hover_secondary_color": "globals\/colors?id=a291686"
                                },
                                "align_mobile": "center",
                                "columns": "3",
                                "icon_size_mobile": {
                                    "unit": "px",
                                    "size": 32,
                                    "sizes": []
                                },
                                "_margin": {
                                    "unit": "px",
                                    "top": "0",
                                    "right": "0",
                                    "bottom": "0",
                                    "left": "0",
                                    "isLinked": true
                                },
                                "_padding": {
                                    "unit": "px",
                                    "top": "0",
                                    "right": "0",
                                    "bottom": "0",
                                    "left": "0",
                                    "isLinked": true
                                },
                                "_element_width": "auto",
                                "_element_width_mobile": "inherit",
                                "_element_vertical_align": "center"
                            },
                            "elements": [],
                            "isInner": false,
                            "widgetType": "social-icons",
                            "elType": "widget"
                        }
                    ],
                    "isInner": false,
                    "elType": "column"
                }
            ],
            "isInner": false,
            "elType": "section"
        },
        {
            "id": "7dbbf7e5",
            "settings": {
                "content_position": "middle",
                "_ob_glider_nav_pos_y_alt": "50% - 25px",
                "_ob_glider_nav_pos_x_prev_alt": "0%",
                "_ob_glider_nav_pos_x_next_alt": "0%",
                "structure": "30",
                "background_background": "classic",
                "__globals__": {
                    "background_color": "",
                    "border_color": ""
                },
                "border_width": {
                    "unit": "px",
                    "top": "0.5",
                    "right": "0",
                    "bottom": "0",
                    "left": "0",
                    "isLinked": false
                },
                "background_color": "#04031C",
                "padding": {
                    "unit": "px",
                    "top": "16",
                    "right": "0",
                    "bottom": "16",
                    "left": "0",
                    "isLinked": false
                },
                "_title": "Footer",
                "border_color": "#EB6DEB45",
                "border_radius": {
                    "unit": "px",
                    "top": "0",
                    "right": "0",
                    "bottom": "0",
                    "left": "0",
                    "isLinked": true
                }
            },
            "elements": [
                {
                    "id": "47391c60",
                    "settings": {
                        "_column_size": 33,
                        "_inline_size": 40,
                        "content_position": "center",
                        "_inline_size_tablet": 45,
                        "align_mobile": "center",
                        "margin": {
                            "unit": "px",
                            "top": "0",
                            "right": "0",
                            "bottom": "0",
                            "left": "0",
                            "isLinked": false
                        },
                        "margin_mobile": {
                            "unit": "px",
                            "top": "0",
                            "right": "0",
                            "bottom": "0",
                            "left": "0",
                            "isLinked": true
                        },
                        "padding": {
                            "unit": "px",
                            "top": "0",
                            "right": "0",
                            "bottom": "0",
                            "left": "0",
                            "isLinked": true
                        },
                        "padding_mobile": {
                            "unit": "px",
                            "top": "24",
                            "right": "0",
                            "bottom": "24",
                            "left": "0",
                            "isLinked": false
                        }
                    },
                    "elements": [
                        {
                            "id": "25d62508",
                            "settings": {
                                "title": "about",
                                "header_size": "span",
                                "typography_typography": "custom",
                                "typography_font_family": "Nunito Sans",
                                "typography_font_size": {
                                    "unit": "px",
                                    "size": 14,
                                    "sizes": []
                                },
                                "typography_font_size_tablet": {
                                    "unit": "px",
                                    "size": 13,
                                    "sizes": []
                                },
                                "typography_font_size_mobile": {
                                    "unit": "px",
                                    "size": 12,
                                    "sizes": []
                                },
                                "typography_font_weight": "bold",
                                "typography_line_height": {
                                    "unit": "em",
                                    "size": 1,
                                    "sizes": []
                                },
                                "__globals__": {
                                    "typography_typography": "",
                                    "title_color": "globals\/colors?id=bf23360",
                                    "_ob_harakiri_color_hover": "globals\/colors?id=a291686"
                                },
                                "motion_fx_tilt_effect": "yes",
                                "motion_fx_tilt_direction": "negative",
                                "align_mobile": "center",
                                "_padding": {
                                    "unit": "px",
                                    "top": "0",
                                    "right": "032",
                                    "bottom": "0",
                                    "left": "0",
                                    "isLinked": false
                                },
                                "_element_width": "auto"
                            },
                            "elements": [],
                            "isInner": false,
                            "widgetType": "heading",
                            "elType": "widget"
                        },
                        {
                            "id": "1ebde3a3",
                            "settings": {
                                "title": "contact",
                                "header_size": "span",
                                "typography_typography": "custom",
                                "typography_font_family": "Nunito Sans",
                                "typography_font_size": {
                                    "unit": "px",
                                    "size": 14,
                                    "sizes": []
                                },
                                "typography_font_size_tablet": {
                                    "unit": "px",
                                    "size": 13,
                                    "sizes": []
                                },
                                "typography_font_size_mobile": {
                                    "unit": "px",
                                    "size": 12,
                                    "sizes": []
                                },
                                "typography_font_weight": "bold",
                                "typography_line_height": {
                                    "unit": "em",
                                    "size": 1,
                                    "sizes": []
                                },
                                "__globals__": {
                                    "typography_typography": "",
                                    "title_color": "globals\/colors?id=bf23360",
                                    "_ob_harakiri_color_hover": "globals\/colors?id=a291686"
                                },
                                "motion_fx_tilt_effect": "yes",
                                "motion_fx_tilt_direction": "negative",
                                "align_mobile": "center",
                                "_padding": {
                                    "unit": "px",
                                    "top": "0",
                                    "right": "032",
                                    "bottom": "0",
                                    "left": "0",
                                    "isLinked": false
                                },
                                "_element_width": "auto"
                            },
                            "elements": [],
                            "isInner": false,
                            "widgetType": "heading",
                            "elType": "widget"
                        },
                        {
                            "id": "34fe8cd7",
                            "settings": {
                                "title": "terms",
                                "header_size": "span",
                                "typography_typography": "custom",
                                "typography_font_family": "Nunito Sans",
                                "typography_font_size": {
                                    "unit": "px",
                                    "size": 14,
                                    "sizes": []
                                },
                                "typography_font_size_tablet": {
                                    "unit": "px",
                                    "size": 13,
                                    "sizes": []
                                },
                                "typography_font_size_mobile": {
                                    "unit": "px",
                                    "size": 12,
                                    "sizes": []
                                },
                                "typography_font_weight": "bold",
                                "typography_line_height": {
                                    "unit": "em",
                                    "size": 1,
                                    "sizes": []
                                },
                                "__globals__": {
                                    "typography_typography": "",
                                    "title_color": "globals\/colors?id=bf23360",
                                    "_ob_harakiri_color_hover": "globals\/colors?id=a291686"
                                },
                                "motion_fx_tilt_effect": "yes",
                                "motion_fx_tilt_direction": "negative",
                                "align_mobile": "center",
                                "_padding": {
                                    "unit": "px",
                                    "top": "0",
                                    "right": "032",
                                    "bottom": "0",
                                    "left": "0",
                                    "isLinked": false
                                },
                                "_element_width": "auto"
                            },
                            "elements": [],
                            "isInner": false,
                            "widgetType": "heading",
                            "elType": "widget"
                        },
                        {
                            "id": "6eaa9c20",
                            "settings": {
                                "title": "cookie policy",
                                "header_size": "span",
                                "typography_typography": "custom",
                                "typography_font_family": "Nunito Sans",
                                "typography_font_size": {
                                    "unit": "px",
                                    "size": 14,
                                    "sizes": []
                                },
                                "typography_font_size_tablet": {
                                    "unit": "px",
                                    "size": 13,
                                    "sizes": []
                                },
                                "typography_font_size_mobile": {
                                    "unit": "px",
                                    "size": 12,
                                    "sizes": []
                                },
                                "typography_font_weight": "bold",
                                "typography_line_height": {
                                    "unit": "em",
                                    "size": 1,
                                    "sizes": []
                                },
                                "__globals__": {
                                    "typography_typography": "",
                                    "title_color": "globals\/colors?id=bf23360",
                                    "_ob_harakiri_color_hover": "globals\/colors?id=a291686"
                                },
                                "motion_fx_tilt_effect": "yes",
                                "motion_fx_tilt_direction": "negative",
                                "align_mobile": "center",
                                "_padding": {
                                    "unit": "px",
                                    "top": "0",
                                    "right": "0",
                                    "bottom": "0",
                                    "left": "0",
                                    "isLinked": false
                                },
                                "_element_width": "auto"
                            },
                            "elements": [],
                            "isInner": false,
                            "widgetType": "heading",
                            "elType": "widget"
                        }
                    ],
                    "isInner": false,
                    "elType": "column"
                },
                {
                    "id": "5aebf058",
                    "settings": {
                        "_column_size": 33,
                        "_inline_size": 19.33200000000000073896444519050419330596923828125,
                        "_inline_size_tablet": 10,
                        "margin": {
                            "unit": "px",
                            "top": "0",
                            "right": "0",
                            "bottom": "0",
                            "left": "0",
                            "isLinked": false
                        },
                        "padding": {
                            "unit": "px",
                            "top": "0",
                            "right": "8",
                            "bottom": "0",
                            "left": "8",
                            "isLinked": false
                        },
                        "padding_mobile": {
                            "unit": "px",
                            "top": "24",
                            "right": "0",
                            "bottom": "24",
                            "left": "0",
                            "isLinked": false
                        }
                    },
                    "elements": [
                        {
                            "id": "24a58fc0",
                            "settings": {
                                "image": {
                                    "url": "https:\/\/demo.moxcreative.com\/vella\/wp-content\/uploads\/sites\/69\/2021\/09\/logo.png",
                                    "id": 72,
                                    "alt": "",
                                    "source": "library"
                                },
                                "image_size": "custom",
                                "image_custom_dimension": {
                                    "width": "",
                                    "height": "32"
                                },
                                "css_filters_hover_brightness": {
                                    "unit": "px",
                                    "size": 120,
                                    "sizes": []
                                },
                                "css_filters_hover_saturate": {
                                    "unit": "px",
                                    "size": 0,
                                    "sizes": []
                                }
                            },
                            "elements": [],
                            "isInner": false,
                            "widgetType": "image",
                            "elType": "widget"
                        }
                    ],
                    "isInner": false,
                    "elType": "column"
                },
                {
                    "id": "1fb53f51",
                    "settings": {
                        "_column_size": 33,
                        "_inline_size": 40,
                        "content_position": "center",
                        "_inline_size_tablet": 45,
                        "padding": {
                            "unit": "px",
                            "top": "0",
                            "right": "0",
                            "bottom": "0",
                            "left": "08",
                            "isLinked": false
                        }
                    },
                    "elements": [
                        {
                            "id": "558a353b",
                            "settings": {
                                "title": "@2021 - Vella | All Right Reserved",
                                "header_size": "span",
                                "__globals__": {
                                    "typography_typography": "globals\/typography?id=69c152f",
                                    "title_color": "globals\/colors?id=bf23360"
                                },
                                "align_mobile": "center",
                                "_padding": {
                                    "unit": "px",
                                    "top": "0",
                                    "right": "0",
                                    "bottom": "0",
                                    "left": "0",
                                    "isLinked": false
                                },
                                "align": "right"
                            },
                            "elements": [],
                            "isInner": false,
                            "widgetType": "heading",
                            "elType": "widget"
                        }
                    ],
                    "isInner": false,
                    "elType": "column"
                }
            ],
            "isInner": false,
            "elType": "section"
        }
    ]
}