{
    "version": "0.4",
    "title": "Vella V1 &#8211; side menu",
    "type": "popup",
    "metadata": {
        "template_type": "section-popup",
        "include_in_zip": "1",
        "elementor_pro_required": "1",
        "elementor_library_type": "popup",
        "elementor_pro_conditions": [
            "include\/general"
        ],
        "additional_template_information": [
            "This is a \"Popup\" template for Elementor Pro.",
            "This template will display on: Entire Site."
        ],
        "wp_page_template": "default"
    },
    "content": [
        {
            "id": "3f1654a5",
            "settings": {
                "_ob_glider_nav_pos_y_alt": "50% - 25px",
                "_ob_glider_nav_pos_x_prev_alt": "0%",
                "_ob_glider_nav_pos_x_next_alt": "0%",
                "background_background": "classic",
                "__globals__": {
                    "background_color": ""
                }
            },
            "elements": [
                {
                    "id": "17f9d306",
                    "settings": {
                        "_column_size": 100,
                        "_inline_size": null,
                        "content_position": "space-between",
                        "_ob_bbad_column_height": {
                            "unit": "vh",
                            "size": 100,
                            "sizes": []
                        }
                    },
                    "elements": [
                        {
                            "id": "8e1a23c",
                            "settings": {
                                "_ob_bbad_inner_width": "100%",
                                "_ob_glider_nav_pos_y_alt": "50% - 25px",
                                "_ob_glider_nav_pos_x_prev_alt": "0%",
                                "_ob_glider_nav_pos_x_next_alt": "0%",
                                "margin": {
                                    "unit": "em",
                                    "top": "4",
                                    "right": 0,
                                    "bottom": "0",
                                    "left": 0,
                                    "isLinked": false
                                },
                                "margin_tablet": {
                                    "unit": "em",
                                    "top": "4",
                                    "right": 0,
                                    "bottom": "0",
                                    "left": 0,
                                    "isLinked": false
                                }
                            },
                            "elements": [
                                {
                                    "id": "51dd9a8e",
                                    "settings": {
                                        "_column_size": 100,
                                        "_inline_size": null
                                    },
                                    "elements": [
                                        {
                                            "id": "374f84d0",
                                            "settings": {
                                                "layout": "dropdown",
                                                "align_items": "left",
                                                "pointer": "none",
                                                "indicator": "chevron",
                                                "dropdown": "none",
                                                "menu_typography_typography": "custom",
                                                "menu_typography_font_family": "Roboto",
                                                "menu_typography_font_size": {
                                                    "unit": "px",
                                                    "size": 28,
                                                    "sizes": []
                                                },
                                                "menu_typography_font_weight": "700",
                                                "color_menu_item": "#FFFFFF",
                                                "padding_horizontal_menu_item": {
                                                    "unit": "px",
                                                    "size": 0,
                                                    "sizes": []
                                                },
                                                "color_dropdown_item": "#FFFFFF",
                                                "background_color_dropdown_item": "#B3414100",
                                                "background_color_dropdown_item_hover": "#02010100",
                                                "dropdown_typography_typography": "custom",
                                                "dropdown_typography_font_family": "Nunito Sans",
                                                "dropdown_typography_font_size": {
                                                    "unit": "px",
                                                    "size": 24,
                                                    "sizes": []
                                                },
                                                "dropdown_typography_font_weight": "bold",
                                                "padding_horizontal_dropdown_item": {
                                                    "unit": "px",
                                                    "size": 0,
                                                    "sizes": []
                                                },
                                                "padding_vertical_dropdown_item": {
                                                    "unit": "px",
                                                    "size": 16,
                                                    "sizes": []
                                                },
                                                "dropdown_divider_color": "#423E62",
                                                "dropdown_divider_width": {
                                                    "unit": "px",
                                                    "size": 1,
                                                    "sizes": []
                                                },
                                                "dropdown_top_distance": {
                                                    "unit": "px",
                                                    "size": 0,
                                                    "sizes": []
                                                },
                                                "__globals__": {
                                                    "color_dropdown_item_hover": "globals\/colors?id=dea41e4",
                                                    "dropdown_typography_typography": ""
                                                },
                                                "dropdown_typography_font_size_mobile": {
                                                    "unit": "px",
                                                    "size": 24,
                                                    "sizes": []
                                                },
                                                "padding_vertical_dropdown_item_mobile": {
                                                    "unit": "px",
                                                    "size": 10,
                                                    "sizes": []
                                                },
                                                "menu_typography_line_height": {
                                                    "unit": "em",
                                                    "size": "",
                                                    "sizes": []
                                                },
                                                "dropdown_typography_font_size_tablet": {
                                                    "unit": "px",
                                                    "size": 24,
                                                    "sizes": []
                                                },
                                                "dropdown_typography_text_decoration": "none",
                                                "dropdown_typography_letter_spacing": {
                                                    "unit": "px",
                                                    "size": -0.479999999999999982236431605997495353221893310546875,
                                                    "sizes": []
                                                },
                                                "dropdown_typography_line_height": {
                                                    "unit": "px",
                                                    "size": 32.74000000000000198951966012828052043914794921875,
                                                    "sizes": []
                                                },
                                                "dropdown_typography_line_height_tablet": {
                                                    "unit": "em",
                                                    "size": "",
                                                    "sizes": []
                                                },
                                                "dropdown_typography_line_height_mobile": {
                                                    "unit": "em",
                                                    "size": "",
                                                    "sizes": []
                                                },
                                                "dropdown_divider_border": "solid"
                                            },
                                            "elements": [],
                                            "isInner": false,
                                            "widgetType": "nav-menu",
                                            "elType": "widget"
                                        }
                                    ],
                                    "isInner": true,
                                    "elType": "column"
                                }
                            ],
                            "isInner": true,
                            "elType": "section"
                        },
                        {
                            "id": "2311492f",
                            "settings": {
                                "_ob_bbad_inner_width": "100%",
                                "_ob_glider_nav_pos_y_alt": "50% - 25px",
                                "_ob_glider_nav_pos_x_prev_alt": "0%",
                                "_ob_glider_nav_pos_x_next_alt": "0%",
                                "hide_desktop": "hidden-desktop",
                                "_title": "CTA"
                            },
                            "elements": [
                                {
                                    "id": "1f29c400",
                                    "settings": {
                                        "_column_size": 100,
                                        "_inline_size": null
                                    },
                                    "elements": [
                                        {
                                            "id": "7079bb81",
                                            "settings": {
                                                "title": "Ready To Beat A Giant?",
                                                "align_tablet": "center",
                                                "__globals__": {
                                                    "typography_typography": "globals\/typography?id=d3dae9a",
                                                    "title_color": "globals\/colors?id=a291686"
                                                }
                                            },
                                            "elements": [],
                                            "isInner": false,
                                            "widgetType": "heading",
                                            "elType": "widget"
                                        },
                                        {
                                            "id": "3879f5f0",
                                            "settings": {
                                                "editor": "<p>Erat tortor facilisis vehicula mattis nascetur rutrum finibus vel risus morbi ut rhoncus porta praesent<\/p>",
                                                "align_tablet": "center",
                                                "__globals__": {
                                                    "text_color": "globals\/colors?id=c362cef"
                                                }
                                            },
                                            "elements": [],
                                            "isInner": false,
                                            "widgetType": "text-editor",
                                            "elType": "widget"
                                        },
                                        {
                                            "id": "313c25ba",
                                            "settings": {
                                                "text": "Get Started",
                                                "align_tablet": "center",
                                                "hide_desktop": "hidden-desktop"
                                            },
                                            "elements": [],
                                            "isInner": false,
                                            "widgetType": "button",
                                            "elType": "widget"
                                        }
                                    ],
                                    "isInner": true,
                                    "elType": "column"
                                }
                            ],
                            "isInner": true,
                            "elType": "section"
                        },
                        {
                            "id": "7fcb1540",
                            "settings": {
                                "_ob_bbad_inner_width": "100%",
                                "_ob_glider_nav_pos_y_alt": "50% - 25px",
                                "_ob_glider_nav_pos_x_prev_alt": "0%",
                                "_ob_glider_nav_pos_x_next_alt": "0%"
                            },
                            "elements": [
                                {
                                    "id": "6d183ab4",
                                    "settings": {
                                        "_column_size": 100,
                                        "_inline_size": null
                                    },
                                    "elements": [
                                        {
                                            "id": "689fa685",
                                            "settings": {
                                                "image": {
                                                    "url": "https:\/\/demo.moxcreative.com\/vella\/wp-content\/uploads\/sites\/69\/2021\/09\/logo-light.png",
                                                    "id": 218,
                                                    "alt": "",
                                                    "source": "library"
                                                },
                                                "image_size": "custom",
                                                "image_custom_dimension": {
                                                    "width": "",
                                                    "height": "35"
                                                },
                                                "align": "center",
                                                "_padding": {
                                                    "unit": "em",
                                                    "top": "1",
                                                    "right": "1",
                                                    "bottom": "1",
                                                    "left": "1",
                                                    "isLinked": true
                                                },
                                                "_padding_tablet": {
                                                    "unit": "px",
                                                    "top": "0",
                                                    "right": "0",
                                                    "bottom": "0",
                                                    "left": "0",
                                                    "isLinked": true
                                                }
                                            },
                                            "elements": [],
                                            "isInner": false,
                                            "widgetType": "image",
                                            "elType": "widget"
                                        },
                                        {
                                            "id": "1a9fe7a7",
                                            "settings": {
                                                "social_icon_list": [
                                                    {
                                                        "social_icon": {
                                                            "value": "fab fa-pinterest",
                                                            "library": "fa-brands"
                                                        },
                                                        "_id": "c8ce909"
                                                    },
                                                    {
                                                        "social_icon": {
                                                            "value": "icon icon-dribbble-1",
                                                            "library": "ekiticons"
                                                        },
                                                        "_id": "df1c685"
                                                    },
                                                    {
                                                        "social_icon": {
                                                            "value": "fab fa-behance-square",
                                                            "library": "fa-brands"
                                                        },
                                                        "_id": "410b9aa"
                                                    }
                                                ],
                                                "icon_color": "custom",
                                                "icon_primary_color": "#02010100",
                                                "icon_size": {
                                                    "unit": "px",
                                                    "size": 24,
                                                    "sizes": []
                                                },
                                                "icon_padding": {
                                                    "unit": "em",
                                                    "size": 0.299999999999999988897769753748434595763683319091796875,
                                                    "sizes": []
                                                },
                                                "icon_spacing": {
                                                    "unit": "px",
                                                    "size": 8,
                                                    "sizes": []
                                                },
                                                "__globals__": {
                                                    "icon_secondary_color": "globals\/colors?id=a291686",
                                                    "hover_primary_color": "",
                                                    "hover_secondary_color": ""
                                                },
                                                "hover_animation": "grow",
                                                "shape": "square",
                                                "icon_secondary_color": "#FBFBFE",
                                                "_element_width": "inherit"
                                            },
                                            "elements": [],
                                            "isInner": false,
                                            "widgetType": "social-icons",
                                            "elType": "widget"
                                        },
                                        {
                                            "id": "1cfde1be",
                                            "settings": {
                                                "title": "@2021 - Vella | All Right Reserved",
                                                "header_size": "span",
                                                "__globals__": {
                                                    "typography_typography": "globals\/typography?id=69c152f",
                                                    "title_color": "globals\/colors?id=bf23360"
                                                },
                                                "align_mobile": "center",
                                                "_padding": {
                                                    "unit": "px",
                                                    "top": "0",
                                                    "right": "0",
                                                    "bottom": "0",
                                                    "left": "0",
                                                    "isLinked": false
                                                },
                                                "align": "center"
                                            },
                                            "elements": [],
                                            "isInner": false,
                                            "widgetType": "heading",
                                            "elType": "widget"
                                        }
                                    ],
                                    "isInner": true,
                                    "elType": "column"
                                }
                            ],
                            "isInner": true,
                            "elType": "section"
                        }
                    ],
                    "isInner": false,
                    "elType": "column"
                }
            ],
            "isInner": false,
            "elType": "section"
        }
    ],
    "page_settings": {
        "width": {
            "unit": "vw",
            "size": 25,
            "sizes": []
        },
        "height_type": "fit_to_screen",
        "horizontal_position": "left",
        "vertical_position": "top",
        "eael_ext_table_of_content": "",
        "eael_ext_toc_title": "Table of Contents",
        "margin": {
            "unit": "px",
            "top": "0",
            "right": "0",
            "bottom": "0",
            "left": "0",
            "isLinked": false
        },
        "entrance_animation": "fadeInLeft",
        "exit_animation": "fadeInLeft",
        "background_background": "classic",
        "overlay_background_color": "#000000A6",
        "__globals__": {
            "background_color": "globals\/colors?id=91455cb",
            "overlay_background_color_b": "globals\/colors?id=91455cb",
            "close_button_background_color": "",
            "close_button_color": "globals\/colors?id=a291686",
            "close_button_hover_color": "globals\/colors?id=a291686",
            "close_button_hover_background_color": "globals\/colors?id=dea41e4"
        },
        "background_image": {
            "url": "",
            "id": "",
            "alt": "",
            "source": "library"
        },
        "background_position": "center center",
        "background_repeat": "no-repeat",
        "background_size": "cover",
        "overlay_background_color_stop": {
            "unit": "%",
            "size": 49,
            "sizes": []
        },
        "overlay_background_color_b": "#070735",
        "overlay_background_color_b_stop": {
            "unit": "%",
            "size": 75,
            "sizes": []
        },
        "entrance_animation_duration": {
            "unit": "px",
            "size": 0.8000000000000000444089209850062616169452667236328125,
            "sizes": []
        },
        "width_tablet": {
            "unit": "vw",
            "size": 50,
            "sizes": []
        },
        "width_mobile": {
            "unit": "vw",
            "size": 100,
            "sizes": []
        },
        "entrance_animation_mobile": "fadeInDown",
        "exit_animation_mobile": "fadeInDown",
        "content_wrapper_html_tag": "aside",
        "background_color": "#070735",
        "close_button_vertical": {
            "unit": "px",
            "size": 16,
            "sizes": []
        },
        "close_button_horizontal": {
            "unit": "px",
            "size": 16,
            "sizes": []
        },
        "close_button_color": "#FBFBFE",
        "close_button_background_color": "#6D6DEB00",
        "close_button_hover_color": "#FBFBFE",
        "close_button_hover_background_color": "#EB6DEB",
        "icon_size": {
            "unit": "px",
            "size": 24,
            "sizes": []
        }
    }
}