{
    "version": "0.4",
    "title": "Vella V1 &#8211; Single Post",
    "type": "single-post",
    "metadata": {
        "template_type": "single-post",
        "include_in_zip": "1",
        "elementor_pro_required": "1",
        "elementor_library_type": "single-post",
        "elementor_pro_conditions": [
            "include\/singular\/post"
        ],
        "additional_template_information": [
            "This is a \"Single Post\" template for Elementor Pro.",
            "This template will display on: Posts."
        ],
        "wp_page_template": "default"
    },
    "content": [
        {
            "id": "4b2f0844",
            "settings": {
                "_ob_glider_nav_pos_y_alt": "50% - 25px",
                "_ob_glider_nav_pos_x_prev_alt": "0%",
                "_ob_glider_nav_pos_x_next_alt": "0%",
                "background_background": "classic",
                "background_color_stop": {
                    "unit": "%",
                    "size": 60,
                    "sizes": []
                },
                "background_image": {
                    "url": "https:\/\/demo.moxcreative.com\/vella\/wp-content\/uploads\/sites\/69\/2021\/10\/Section-Background-dark.jpg",
                    "id": 1215,
                    "alt": "",
                    "source": "library"
                },
                "background_xpos": {
                    "unit": "px",
                    "size": -83,
                    "sizes": []
                },
                "background_ypos": {
                    "unit": "px",
                    "size": -199,
                    "sizes": []
                },
                "background_attachment": "scroll",
                "background_repeat": "no-repeat",
                "background_size": "cover",
                "background_motion_fx_translateY_affectedRange": {
                    "unit": "%",
                    "size": "",
                    "sizes": {
                        "start": 0,
                        "end": 54
                    }
                },
                "background_motion_fx_opacity_direction": "in-out",
                "background_motion_fx_scale_direction": "out-in-out",
                "background_motion_fx_scale_speed": {
                    "unit": "px",
                    "size": 2,
                    "sizes": []
                },
                "background_motion_fx_scale_range": {
                    "unit": "%",
                    "size": "",
                    "sizes": {
                        "start": 0,
                        "end": 80
                    }
                },
                "background_overlay_background": "gradient",
                "background_overlay_color_b": "#070735",
                "background_overlay_image": {
                    "url": "https:\/\/demo.moxcreative.com\/vella\/wp-content\/uploads\/sites\/69\/2021\/10\/Section-Background-dark.jpg",
                    "id": 1215,
                    "alt": "",
                    "source": "library"
                },
                "background_overlay_position": "center right",
                "background_overlay_repeat": "no-repeat",
                "background_overlay_size": "cover",
                "background_overlay_opacity": {
                    "unit": "px",
                    "size": 1,
                    "sizes": []
                },
                "padding": {
                    "unit": "em",
                    "top": "14",
                    "right": "0",
                    "bottom": "25",
                    "left": "0",
                    "isLinked": false
                },
                "__globals__": {
                    "background_color": "",
                    "background_overlay_color": "",
                    "background_overlay_color_b": "",
                    "shape_divider_bottom_color": ""
                },
                "margin": {
                    "unit": "em",
                    "top": "",
                    "right": 0,
                    "bottom": "",
                    "left": 0,
                    "isLinked": true
                },
                "background_overlay_color": "#070735A6",
                "background_overlay_color_b_stop": {
                    "unit": "%",
                    "size": 94,
                    "sizes": []
                },
                "height": "full",
                "padding_mobile": {
                    "unit": "em",
                    "top": "14",
                    "right": "0",
                    "bottom": "10",
                    "left": "0",
                    "isLinked": false
                },
                "custom_height": {
                    "unit": "vh",
                    "size": 60,
                    "sizes": []
                },
                "background_color": "#EBEBF9",
                "shape_divider_bottom": "curve-asymmetrical",
                "shape_divider_bottom_color": "#EBEBF9",
                "shape_divider_bottom_width": {
                    "unit": "%",
                    "size": 128,
                    "sizes": []
                },
                "shape_divider_bottom_height": {
                    "unit": "px",
                    "size": 317,
                    "sizes": []
                },
                "shape_divider_bottom_flip": "yes",
                "shape_divider_bottom_negative": "yes",
                "__dynamic__": {
                    "background_image": "[elementor-tag id=\"131ce61\" name=\"post-featured-image\" settings=\"%7B%7D\"]",
                    "background_image_mobile": "[elementor-tag id=\"03d52c1\" name=\"post-featured-image\" settings=\"%7B%22fallback%22%3A%7B%22url%22%3A%22https%3A%2F%2Fdemo.moxcreative.com%2Fvella%2Fwp-content%2Fuploads%2Fsites%2F69%2F2021%2F10%2FSection-Background-dark.jpg%22%2C%22id%22%3A1215%2C%22alt%22%3A%22%22%2C%22source%22%3A%22library%22%7D%7D\"]"
                },
                "shape_divider_bottom_width_mobile": {
                    "unit": "%",
                    "size": 125,
                    "sizes": []
                },
                "shape_divider_bottom_height_mobile": {
                    "unit": "px",
                    "size": 95,
                    "sizes": []
                },
                "custom_height_mobile": {
                    "unit": "vh",
                    "size": 60,
                    "sizes": []
                },
                "background_image_mobile": {
                    "url": "",
                    "id": "",
                    "alt": "",
                    "source": "library"
                },
                "background_position_mobile": "center center",
                "background_repeat_mobile": "no-repeat",
                "background_size_mobile": "cover",
                "background_motion_fx_translateY_direction": "negative",
                "margin_mobile": {
                    "unit": "em",
                    "top": "-7",
                    "right": 0,
                    "bottom": "0",
                    "left": 0,
                    "isLinked": false
                }
            },
            "elements": [
                {
                    "id": "4bb5cbb0",
                    "settings": {
                        "_column_size": 100,
                        "_inline_size": null,
                        "content_position": "center",
                        "align": "center",
                        "padding": {
                            "unit": "em",
                            "top": "3",
                            "right": "7",
                            "bottom": "3",
                            "left": "7",
                            "isLinked": false
                        },
                        "padding_mobile": {
                            "unit": "em",
                            "top": "1",
                            "right": "1",
                            "bottom": "1",
                            "left": "1",
                            "isLinked": true
                        }
                    },
                    "elements": [
                        {
                            "id": "d5c62b6",
                            "settings": {
                                "_ob_bbad_inner_width": "100%",
                                "_ob_glider_nav_pos_y_alt": "50% - 25px",
                                "_ob_glider_nav_pos_x_prev_alt": "0%",
                                "_ob_glider_nav_pos_x_next_alt": "0%"
                            },
                            "elements": [
                                {
                                    "id": "76005373",
                                    "settings": {
                                        "_column_size": 100,
                                        "_inline_size": null,
                                        "align": "center",
                                        "margin": {
                                            "unit": "em",
                                            "top": "0",
                                            "right": "0",
                                            "bottom": "0",
                                            "left": "0",
                                            "isLinked": false
                                        }
                                    },
                                    "elements": [
                                        {
                                            "id": "1f0b6659",
                                            "settings": {
                                                "__dynamic__": {
                                                    "title": "[elementor-tag id=\"\" name=\"post-title\" settings=\"%7B%22before%22%3A%22%22%2C%22after%22%3A%22%22%2C%22fallback%22%3A%22%22%7D\"]"
                                                },
                                                "title": "Add Your Heading Text Here",
                                                "__globals__": {
                                                    "title_color": "globals\/colors?id=a291686",
                                                    "typography_typography": "globals\/typography?id=583e54c"
                                                },
                                                "align": "center"
                                            },
                                            "elements": [],
                                            "isInner": false,
                                            "widgetType": "theme-post-title",
                                            "elType": "widget"
                                        },
                                        {
                                            "id": "1a03ea7f",
                                            "settings": {
                                                "title": "Add Your Heading Text Here",
                                                "title_color": "#EFE4D9",
                                                "_element_width": "auto",
                                                "__dynamic__": {
                                                    "title": "[elementor-tag id=\"f7dec00\" name=\"post-terms\" settings=\"%7B%22taxonomy%22%3A%22category%22%2C%22separator%22%3A%22-%22%2C%22link%22%3A%22%22%7D\"]"
                                                },
                                                "__globals__": {
                                                    "title_color": "globals\/colors?id=102ed2d",
                                                    "typography_typography": ""
                                                },
                                                "typography_typography": "custom",
                                                "typography_font_family": "Nunito Sans",
                                                "typography_font_size": {
                                                    "unit": "px",
                                                    "size": 12,
                                                    "sizes": []
                                                },
                                                "typography_font_weight": "800",
                                                "typography_text_transform": "uppercase",
                                                "typography_text_decoration": "none",
                                                "typography_line_height": {
                                                    "unit": "em",
                                                    "size": "",
                                                    "sizes": []
                                                },
                                                "typography_letter_spacing": {
                                                    "unit": "px",
                                                    "size": 0.299999999999999988897769753748434595763683319091796875,
                                                    "sizes": []
                                                }
                                            },
                                            "elements": [],
                                            "isInner": false,
                                            "widgetType": "heading",
                                            "elType": "widget"
                                        },
                                        {
                                            "id": "11f37503",
                                            "settings": {
                                                "width": {
                                                    "unit": "px",
                                                    "size": 80,
                                                    "sizes": []
                                                },
                                                "align": "center",
                                                "text": "Divider",
                                                "weight": {
                                                    "unit": "px",
                                                    "size": 2.5,
                                                    "sizes": []
                                                },
                                                "gap": {
                                                    "unit": "px",
                                                    "size": 2,
                                                    "sizes": []
                                                },
                                                "__globals__": {
                                                    "color": "globals\/colors?id=a185853"
                                                }
                                            },
                                            "elements": [],
                                            "isInner": false,
                                            "widgetType": "divider",
                                            "elType": "widget"
                                        }
                                    ],
                                    "isInner": true,
                                    "elType": "column"
                                }
                            ],
                            "isInner": true,
                            "elType": "section"
                        }
                    ],
                    "isInner": false,
                    "elType": "column"
                }
            ],
            "isInner": false,
            "elType": "section"
        },
        {
            "id": "8d747fa",
            "settings": {
                "_ob_glider_nav_pos_y_alt": "50% - 25px",
                "_ob_glider_nav_pos_x_prev_alt": "0%",
                "_ob_glider_nav_pos_x_next_alt": "0%",
                "structure": "20",
                "padding": {
                    "unit": "em",
                    "top": "03",
                    "right": "0",
                    "bottom": "7",
                    "left": "0",
                    "isLinked": false
                },
                "margin": {
                    "unit": "em",
                    "top": "0",
                    "right": 0,
                    "bottom": "0",
                    "left": 0,
                    "isLinked": false
                },
                "background_background": "classic",
                "background_color": "#EBEBF9",
                "shape_divider_top_width": {
                    "unit": "%",
                    "size": 128,
                    "sizes": []
                },
                "shape_divider_top_height": {
                    "unit": "px",
                    "size": 317,
                    "sizes": []
                },
                "__globals__": {
                    "shape_divider_top_color": "globals\/colors?id=91455cb",
                    "shape_divider_bottom_color": "globals\/colors?id=91455cb"
                },
                "shape_divider_bottom": "curve-asymmetrical",
                "shape_divider_bottom_width": {
                    "unit": "%",
                    "size": 128,
                    "sizes": []
                },
                "shape_divider_bottom_height": {
                    "unit": "px",
                    "size": 317,
                    "sizes": []
                },
                "shape_divider_bottom_flip": "yes",
                "shape_divider_bottom_width_mobile": {
                    "unit": "%",
                    "size": 125,
                    "sizes": []
                },
                "shape_divider_bottom_height_mobile": {
                    "unit": "px",
                    "size": 95,
                    "sizes": []
                },
                "shape_divider_bottom_negative": "yes"
            },
            "elements": [
                {
                    "id": "7fe4d854",
                    "settings": {
                        "_column_size": 50,
                        "_inline_size": 70,
                        "padding": {
                            "unit": "em",
                            "top": "2",
                            "right": "2",
                            "bottom": "2",
                            "left": "2",
                            "isLinked": true
                        },
                        "background_background": "classic",
                        "border_radius": {
                            "unit": "px",
                            "top": "16",
                            "right": "16",
                            "bottom": "16",
                            "left": "16",
                            "isLinked": true
                        },
                        "box_shadow_box_shadow_type": "yes",
                        "box_shadow_box_shadow": {
                            "horizontal": 0,
                            "vertical": 13,
                            "blur": 27,
                            "spread": -5,
                            "color": "rgba(49.99999999999999, 49.99999999999999, 93, 0.25)"
                        },
                        "margin": {
                            "unit": "em",
                            "top": "-20",
                            "right": "0",
                            "bottom": "0",
                            "left": "0",
                            "isLinked": false
                        },
                        "__globals__": {
                            "background_color": "globals\/colors?id=a291686"
                        },
                        "margin_mobile": {
                            "unit": "em",
                            "top": "-9",
                            "right": "0.5",
                            "bottom": "0",
                            "left": "0.5",
                            "isLinked": false
                        },
                        "padding_mobile": {
                            "unit": "em",
                            "top": "2",
                            "right": "1",
                            "bottom": "2",
                            "left": "1",
                            "isLinked": false
                        }
                    },
                    "elements": [
                        {
                            "id": "15f6e8f7",
                            "settings": {
                                "_ob_bbad_inner_width": "100%",
                                "_ob_glider_nav_pos_y_alt": "50% - 25px",
                                "_ob_glider_nav_pos_x_prev_alt": "0%",
                                "_ob_glider_nav_pos_x_next_alt": "0%",
                                "structure": "20",
                                "background_background": "classic",
                                "__globals__": {
                                    "background_color": ""
                                }
                            },
                            "elements": [
                                {
                                    "id": "445c19c4",
                                    "settings": {
                                        "_column_size": 50,
                                        "_inline_size": null
                                    },
                                    "elements": [
                                        {
                                            "id": "13b8ca65",
                                            "settings": {
                                                "author_name": "John Doe",
                                                "show_link": "",
                                                "author_bio": "Lorem ipsum dolor sit amet consectetur adipiscing elit dolor",
                                                "link_text": "All Posts",
                                                "image_vertical_align": "middle",
                                                "image_size": {
                                                    "unit": "px",
                                                    "size": 42,
                                                    "sizes": []
                                                },
                                                "image_gap": {
                                                    "unit": "px",
                                                    "size": 16,
                                                    "sizes": []
                                                },
                                                "__globals__": {
                                                    "name_typography_typography": "globals\/typography?id=d3dae9a"
                                                },
                                                "layout": "left",
                                                "alignment": "left",
                                                "image_border_radius": {
                                                    "unit": "px",
                                                    "size": 16,
                                                    "sizes": []
                                                },
                                                "_element_width": "auto",
                                                "_element_width_mobile": "inherit"
                                            },
                                            "elements": [],
                                            "isInner": false,
                                            "widgetType": "author-box",
                                            "elType": "widget"
                                        }
                                    ],
                                    "isInner": true,
                                    "elType": "column"
                                },
                                {
                                    "id": "6cfd39e8",
                                    "settings": {
                                        "_column_size": 50,
                                        "_inline_size": null,
                                        "content_position": "center"
                                    },
                                    "elements": [
                                        {
                                            "id": "40b093ee",
                                            "settings": {
                                                "icon_list": [
                                                    {
                                                        "selected_icon": {
                                                            "value": "fas fa-calendar",
                                                            "library": "fa-solid"
                                                        },
                                                        "_id": "7342e2a",
                                                        "custom_date_format": "F j, Y",
                                                        "custom_time_format": "g:i a",
                                                        "date_format": "0",
                                                        "text_prefix": "On",
                                                        "link": "",
                                                        "show_icon": "none"
                                                    },
                                                    {
                                                        "type": "time",
                                                        "selected_icon": {
                                                            "value": "far fa-clock",
                                                            "library": "fa-regular"
                                                        },
                                                        "_id": "6a59177",
                                                        "custom_date_format": "F j, Y",
                                                        "custom_time_format": "g:i a",
                                                        "text_prefix": "At",
                                                        "show_icon": "none"
                                                    }
                                                ],
                                                "space_between": {
                                                    "unit": "px",
                                                    "size": 8,
                                                    "sizes": []
                                                },
                                                "__globals__": {
                                                    "icon_typography_typography": "globals\/typography?id=5b2b518",
                                                    "text_color": "globals\/colors?id=308e809"
                                                },
                                                "icon_typography_typography": "custom",
                                                "icon_typography_font_family": "Nunito Sans",
                                                "icon_typography_font_size": {
                                                    "unit": "px",
                                                    "size": 10,
                                                    "sizes": []
                                                },
                                                "icon_typography_font_weight": "800",
                                                "icon_typography_text_transform": "uppercase",
                                                "icon_typography_text_decoration": "none",
                                                "icon_typography_line_height": {
                                                    "unit": "em",
                                                    "size": "",
                                                    "sizes": []
                                                },
                                                "icon_typography_letter_spacing": {
                                                    "unit": "px",
                                                    "size": 0.299999999999999988897769753748434595763683319091796875,
                                                    "sizes": []
                                                },
                                                "icon_align": "right",
                                                "_element_vertical_align": "center",
                                                "icon_align_mobile": "center"
                                            },
                                            "elements": [],
                                            "isInner": false,
                                            "widgetType": "post-info",
                                            "elType": "widget"
                                        }
                                    ],
                                    "isInner": true,
                                    "elType": "column"
                                }
                            ],
                            "isInner": true,
                            "elType": "section"
                        },
                        {
                            "id": "2a5452d8",
                            "settings": {
                                "_ob_bbad_inner_width": "100%",
                                "_ob_glider_nav_pos_y_alt": "50% - 25px",
                                "_ob_glider_nav_pos_x_prev_alt": "0%",
                                "_ob_glider_nav_pos_x_next_alt": "0%"
                            },
                            "elements": [
                                {
                                    "id": "37d19c0d",
                                    "settings": {
                                        "_column_size": 100,
                                        "_inline_size": null,
                                        "padding_mobile": {
                                            "unit": "px",
                                            "top": "0",
                                            "right": "0",
                                            "bottom": "0",
                                            "left": "0",
                                            "isLinked": false
                                        }
                                    },
                                    "elements": [
                                        {
                                            "id": "39c66f11",
                                            "settings": {
                                                "__globals__": {
                                                    "text_color": "globals\/colors?id=308e809"
                                                },
                                                "_padding": {
                                                    "unit": "em",
                                                    "top": "",
                                                    "right": "",
                                                    "bottom": "",
                                                    "left": "",
                                                    "isLinked": true
                                                }
                                            },
                                            "elements": [],
                                            "isInner": false,
                                            "widgetType": "theme-post-content",
                                            "elType": "widget"
                                        },
                                        {
                                            "id": "4892bd86",
                                            "settings": {
                                                "share_buttons": [
                                                    {
                                                        "_id": "916173c"
                                                    },
                                                    {
                                                        "button": "twitter",
                                                        "_id": "0394866"
                                                    },
                                                    {
                                                        "button": "linkedin",
                                                        "_id": "82c5b62"
                                                    }
                                                ],
                                                "view": "icon",
                                                "skin": "minimal",
                                                "shape": "circle",
                                                "columns": "1",
                                                "color_source": "custom",
                                                "motion_fx_motion_fx_scrolling": "yes",
                                                "motion_fx_translateY_effect": "yes",
                                                "motion_fx_translateY_direction": "negative",
                                                "motion_fx_translateY_speed": {
                                                    "unit": "px",
                                                    "size": 6,
                                                    "sizes": []
                                                },
                                                "motion_fx_translateY_affectedRange": {
                                                    "unit": "%",
                                                    "size": "",
                                                    "sizes": {
                                                        "start": 0,
                                                        "end": 63
                                                    }
                                                },
                                                "motion_fx_opacity_direction": "in-out",
                                                "motion_fx_opacity_level": {
                                                    "unit": "px",
                                                    "size": 3.79999999999999982236431605997495353221893310546875,
                                                    "sizes": []
                                                },
                                                "motion_fx_opacity_range": {
                                                    "unit": "%",
                                                    "size": "",
                                                    "sizes": {
                                                        "start": 0,
                                                        "end": 48
                                                    }
                                                },
                                                "motion_fx_range": "viewport",
                                                "motion_fx_mouseTrack_direction": "negative",
                                                "motion_fx_tilt_direction": "negative",
                                                "sticky": "bottom",
                                                "_animation": "fadeIn",
                                                "_element_width": "auto",
                                                "_element_vertical_align": "center",
                                                "_position": "absolute",
                                                "_offset_orientation_h": "end",
                                                "_offset_x": {
                                                    "size": -94,
                                                    "unit": "px"
                                                },
                                                "_offset_x_end": {
                                                    "unit": "px",
                                                    "size": -114,
                                                    "sizes": []
                                                },
                                                "_offset_y": {
                                                    "size": 83,
                                                    "unit": "%"
                                                },
                                                "_offset_y_end": {
                                                    "unit": "%",
                                                    "size": "",
                                                    "sizes": []
                                                },
                                                "__globals__": {
                                                    "primary_color": "globals\/colors?id=dea41e4",
                                                    "secondary_color": "globals\/colors?id=a291686",
                                                    "primary_color_hover": "globals\/colors?id=a185853",
                                                    "secondary_color_hover": "globals\/colors?id=a291686"
                                                },
                                                "_offset_x_end_mobile": {
                                                    "unit": "px",
                                                    "size": 664.700000000000045474735088646411895751953125,
                                                    "sizes": []
                                                },
                                                "hide_mobile": "hidden-mobile"
                                            },
                                            "elements": [],
                                            "isInner": false,
                                            "widgetType": "share-buttons",
                                            "elType": "widget"
                                        }
                                    ],
                                    "isInner": true,
                                    "elType": "column"
                                }
                            ],
                            "isInner": true,
                            "elType": "section"
                        },
                        {
                            "id": "cbbca4f",
                            "settings": {
                                "_ob_bbad_inner_width": "100%",
                                "_ob_glider_nav_pos_y_alt": "50% - 25px",
                                "_ob_glider_nav_pos_x_prev_alt": "0%",
                                "_ob_glider_nav_pos_x_next_alt": "0%",
                                "structure": "20",
                                "hide_desktop": "hidden-desktop"
                            },
                            "elements": [
                                {
                                    "id": "4bd1830f",
                                    "settings": {
                                        "_column_size": 50,
                                        "_inline_size": null,
                                        "_inline_size_mobile": 100
                                    },
                                    "elements": [
                                        {
                                            "id": "3322416d",
                                            "settings": {
                                                "title": "share :",
                                                "align_mobile": "center",
                                                "__globals__": {
                                                    "typography_typography": "globals\/typography?id=5b2b518"
                                                }
                                            },
                                            "elements": [],
                                            "isInner": false,
                                            "widgetType": "heading",
                                            "elType": "widget"
                                        }
                                    ],
                                    "isInner": true,
                                    "elType": "column"
                                },
                                {
                                    "id": "287a724",
                                    "settings": {
                                        "_column_size": 50,
                                        "_inline_size": null,
                                        "_inline_size_mobile": 100,
                                        "align_mobile": "center"
                                    },
                                    "elements": [
                                        {
                                            "id": "4871be03",
                                            "settings": {
                                                "share_buttons": [
                                                    {
                                                        "_id": "916173c"
                                                    },
                                                    {
                                                        "button": "twitter",
                                                        "_id": "0394866"
                                                    },
                                                    {
                                                        "button": "linkedin",
                                                        "_id": "82c5b62"
                                                    }
                                                ],
                                                "view": "icon",
                                                "skin": "minimal",
                                                "shape": "circle",
                                                "columns": "1",
                                                "color_source": "custom",
                                                "motion_fx_translateY_direction": "negative",
                                                "motion_fx_translateY_speed": {
                                                    "unit": "px",
                                                    "size": 6,
                                                    "sizes": []
                                                },
                                                "motion_fx_translateY_affectedRange": {
                                                    "unit": "%",
                                                    "size": "",
                                                    "sizes": {
                                                        "start": 0,
                                                        "end": 63
                                                    }
                                                },
                                                "motion_fx_opacity_direction": "in-out",
                                                "motion_fx_opacity_level": {
                                                    "unit": "px",
                                                    "size": 3.79999999999999982236431605997495353221893310546875,
                                                    "sizes": []
                                                },
                                                "motion_fx_opacity_range": {
                                                    "unit": "%",
                                                    "size": "",
                                                    "sizes": {
                                                        "start": 0,
                                                        "end": 48
                                                    }
                                                },
                                                "motion_fx_range": "viewport",
                                                "motion_fx_mouseTrack_direction": "negative",
                                                "motion_fx_tilt_direction": "negative",
                                                "_animation": "fadeIn",
                                                "_element_width": "auto",
                                                "_element_vertical_align": "center",
                                                "_offset_orientation_h": "end",
                                                "_offset_x": {
                                                    "size": -94,
                                                    "unit": "px"
                                                },
                                                "_offset_x_end": {
                                                    "unit": "px",
                                                    "size": -114,
                                                    "sizes": []
                                                },
                                                "_offset_y": {
                                                    "size": 83,
                                                    "unit": "%"
                                                },
                                                "_offset_y_end": {
                                                    "unit": "%",
                                                    "size": "",
                                                    "sizes": []
                                                },
                                                "__globals__": {
                                                    "primary_color": "globals\/colors?id=dea41e4",
                                                    "secondary_color": "globals\/colors?id=a291686",
                                                    "primary_color_hover": "globals\/colors?id=a185853",
                                                    "secondary_color_hover": "globals\/colors?id=a291686"
                                                },
                                                "columns_mobile": "3",
                                                "_element_width_mobile": "auto",
                                                "_element_vertical_align_mobile": "center",
                                                "_offset_x_end_mobile": {
                                                    "unit": "px",
                                                    "size": 664.700000000000045474735088646411895751953125,
                                                    "sizes": []
                                                },
                                                "_title": "Share Buttons -mobilr"
                                            },
                                            "elements": [],
                                            "isInner": false,
                                            "widgetType": "share-buttons",
                                            "elType": "widget"
                                        }
                                    ],
                                    "isInner": true,
                                    "elType": "column"
                                }
                            ],
                            "isInner": true,
                            "elType": "section"
                        },
                        {
                            "id": "79c6578d",
                            "settings": {
                                "_ob_bbad_inner_width": "100%",
                                "_ob_glider_nav_pos_y_alt": "50% - 25px",
                                "_ob_glider_nav_pos_x_prev_alt": "0%",
                                "_ob_glider_nav_pos_x_next_alt": "0%"
                            },
                            "elements": [
                                {
                                    "id": "2e0b7601",
                                    "settings": {
                                        "_column_size": 100,
                                        "_inline_size": null,
                                        "padding": {
                                            "unit": "em",
                                            "top": "2",
                                            "right": "1",
                                            "bottom": "2",
                                            "left": "1",
                                            "isLinked": false
                                        },
                                        "padding_mobile": {
                                            "unit": "px",
                                            "top": "0",
                                            "right": "0",
                                            "bottom": "0",
                                            "left": "0",
                                            "isLinked": false
                                        }
                                    },
                                    "elements": [
                                        {
                                            "id": "432188f8",
                                            "settings": {
                                                "_skin": "theme_comments",
                                                "_ob_commentz_use": "",
                                                "_ob_commentz_hide_URL": "",
                                                "_ob_commentz_title_typo_typography": "custom",
                                                "_ob_commentz_title_typo_font_family": "Nunito Sans",
                                                "_ob_commentz_title_typo_font_size": {
                                                    "unit": "px",
                                                    "size": 24,
                                                    "sizes": []
                                                },
                                                "_ob_commentz_title_typo_font_size_tablet": {
                                                    "unit": "px",
                                                    "size": 24,
                                                    "sizes": []
                                                },
                                                "_ob_commentz_title_typo_font_size_mobile": {
                                                    "unit": "px",
                                                    "size": 24,
                                                    "sizes": []
                                                },
                                                "_ob_commentz_title_typo_font_weight": "bold",
                                                "_ob_commentz_title_typo_line_height": {
                                                    "unit": "px",
                                                    "size": 32.74000000000000198951966012828052043914794921875,
                                                    "sizes": []
                                                },
                                                "_ob_commentz_title_typo_letter_spacing": {
                                                    "unit": "px",
                                                    "size": -0.479999999999999982236431605997495353221893310546875,
                                                    "sizes": []
                                                },
                                                "_ob_commentz_title": "yes",
                                                "_ob_commentz_title_color": "#FBFBFE",
                                                "__globals__": {
                                                    "_ob_commentz_title_color": "globals\/colors?id=a291686",
                                                    "_ob_commentz_title_typo_typography": ""
                                                }
                                            },
                                            "elements": [],
                                            "isInner": false,
                                            "widgetType": "post-comments",
                                            "elType": "widget"
                                        }
                                    ],
                                    "isInner": true,
                                    "elType": "column"
                                }
                            ],
                            "isInner": true,
                            "elType": "section"
                        }
                    ],
                    "isInner": false,
                    "elType": "column"
                },
                {
                    "id": "4b272947",
                    "settings": {
                        "_column_size": 50,
                        "_inline_size": 30,
                        "padding": {
                            "unit": "em",
                            "top": "0",
                            "right": "2",
                            "bottom": "0",
                            "left": "2",
                            "isLinked": false
                        },
                        "margin_mobile": {
                            "unit": "em",
                            "top": "2",
                            "right": "0",
                            "bottom": "0",
                            "left": "0",
                            "isLinked": false
                        },
                        "padding_mobile": {
                            "unit": "em",
                            "top": "1",
                            "right": "1",
                            "bottom": "1",
                            "left": "1",
                            "isLinked": false
                        },
                        "margin": {
                            "unit": "em",
                            "top": "-20",
                            "right": "0",
                            "bottom": "0",
                            "left": "0",
                            "isLinked": false
                        }
                    },
                    "elements": [
                        {
                            "id": "4fc19985",
                            "settings": {
                                "_ob_bbad_inner_width": "100%",
                                "_ob_glider_nav_pos_y_alt": "50% - 25px",
                                "_ob_glider_nav_pos_x_prev_alt": "0%",
                                "_ob_glider_nav_pos_x_next_alt": "0%"
                            },
                            "elements": [
                                {
                                    "id": "50292219",
                                    "settings": {
                                        "_column_size": 100,
                                        "_inline_size": null,
                                        "background_background": "classic",
                                        "border_radius": {
                                            "unit": "px",
                                            "top": "16",
                                            "right": "16",
                                            "bottom": "16",
                                            "left": "16",
                                            "isLinked": true
                                        },
                                        "box_shadow_box_shadow_type": "yes",
                                        "box_shadow_box_shadow": {
                                            "horizontal": 0,
                                            "vertical": 13,
                                            "blur": 27,
                                            "spread": -5,
                                            "color": "rgba(50.00000000000001, 50.00000000000001, 50.00000000000001, 0.25)"
                                        },
                                        "margin": {
                                            "unit": "em",
                                            "top": "0",
                                            "right": "0",
                                            "bottom": "1",
                                            "left": "0",
                                            "isLinked": false
                                        },
                                        "padding": {
                                            "unit": "em",
                                            "top": "1",
                                            "right": "1",
                                            "bottom": "1",
                                            "left": "1",
                                            "isLinked": false
                                        },
                                        "__globals__": {
                                            "background_color": "globals\/colors?id=91455cb"
                                        }
                                    },
                                    "elements": [
                                        {
                                            "id": "3378656f",
                                            "settings": {
                                                "width": {
                                                    "unit": "px",
                                                    "size": 16,
                                                    "sizes": []
                                                },
                                                "align": "left",
                                                "text": "Divider",
                                                "weight": {
                                                    "unit": "px",
                                                    "size": 2.5,
                                                    "sizes": []
                                                },
                                                "gap": {
                                                    "unit": "px",
                                                    "size": 2,
                                                    "sizes": []
                                                },
                                                "_margin": {
                                                    "unit": "px",
                                                    "top": "0",
                                                    "right": "0",
                                                    "bottom": "0",
                                                    "left": "0",
                                                    "isLinked": false
                                                },
                                                "_padding": {
                                                    "unit": "px",
                                                    "top": "0",
                                                    "right": "0",
                                                    "bottom": "0",
                                                    "left": "08",
                                                    "isLinked": false
                                                },
                                                "_element_width": "auto",
                                                "_element_vertical_align": "center",
                                                "__globals__": {
                                                    "color": "globals\/colors?id=a185853"
                                                },
                                                "hide_mobile": "hidden-mobile"
                                            },
                                            "elements": [],
                                            "isInner": false,
                                            "widgetType": "divider",
                                            "elType": "widget"
                                        },
                                        {
                                            "id": "287f86ec",
                                            "settings": {
                                                "title": "Latest article",
                                                "_padding": {
                                                    "unit": "px",
                                                    "top": "0",
                                                    "right": "0",
                                                    "bottom": "0",
                                                    "left": "8",
                                                    "isLinked": false
                                                },
                                                "__globals__": {
                                                    "typography_typography": "",
                                                    "title_color": "globals\/colors?id=a185853"
                                                },
                                                "align_mobile": "center",
                                                "_element_width": "auto",
                                                "_element_width_mobile": "inherit",
                                                "title_color": "#EB6DEB",
                                                "typography_typography": "custom",
                                                "typography_font_family": "Nunito Sans",
                                                "typography_font_size": {
                                                    "unit": "px",
                                                    "size": 12,
                                                    "sizes": []
                                                },
                                                "typography_font_weight": "800",
                                                "typography_text_transform": "uppercase",
                                                "typography_text_decoration": "none",
                                                "typography_line_height": {
                                                    "unit": "em",
                                                    "size": "",
                                                    "sizes": []
                                                },
                                                "typography_letter_spacing": {
                                                    "unit": "px",
                                                    "size": 0.299999999999999988897769753748434595763683319091796875,
                                                    "sizes": []
                                                }
                                            },
                                            "elements": [],
                                            "isInner": false,
                                            "widgetType": "heading",
                                            "elType": "widget"
                                        },
                                        {
                                            "id": "2e1224c7",
                                            "settings": {
                                                "classic_columns": "1",
                                                "classic_posts_per_page": 7,
                                                "classic_thumbnail": "left",
                                                "classic_thumbnail_size_size": "full",
                                                "classic_item_ratio": {
                                                    "unit": "px",
                                                    "size": 1,
                                                    "sizes": []
                                                },
                                                "classic_image_width": {
                                                    "unit": "px",
                                                    "size": 72,
                                                    "sizes": []
                                                },
                                                "classic_show_excerpt": "",
                                                "classic_meta_data": [
                                                    "author",
                                                    "date"
                                                ],
                                                "classic_meta_separator": "|",
                                                "classic_show_read_more": "",
                                                "classic_read_more_text": "Read More \u00bb",
                                                "cards_meta_separator": "\u2022",
                                                "cards_read_more_text": "Read More \u00bb",
                                                "full_content_meta_separator": "\/\/\/",
                                                "classic_column_gap": {
                                                    "unit": "px",
                                                    "size": "",
                                                    "sizes": []
                                                },
                                                "classic_row_gap": {
                                                    "unit": "px",
                                                    "size": 20,
                                                    "sizes": []
                                                },
                                                "classic_alignment": "left",
                                                "classic_img_border_radius": {
                                                    "unit": "px",
                                                    "top": "8",
                                                    "right": "8",
                                                    "bottom": "8",
                                                    "left": "8",
                                                    "isLinked": true
                                                },
                                                "classic_image_spacing": {
                                                    "unit": "px",
                                                    "size": 9,
                                                    "sizes": []
                                                },
                                                "pagination_page_limit": "5",
                                                "pagination_prev_label": "&laquo; Previous",
                                                "pagination_next_label": "Next &raquo;",
                                                "__globals__": {
                                                    "classic_title_typography_typography": "",
                                                    "classic_title_color": "globals\/colors?id=a291686",
                                                    "classic_meta_color": "globals\/colors?id=102ed2d",
                                                    "classic_meta_typography_typography": "globals\/typography?id=84ca66e",
                                                    "classic_box_bg_color": "",
                                                    "_background_color": "",
                                                    "classic_meta_separator_color": ""
                                                },
                                                "classic_meta_color": "#EFE4D9",
                                                "classic_title_typography_typography": "custom",
                                                "classic_title_typography_font_family": "Nunito Sans",
                                                "classic_title_typography_font_size": {
                                                    "unit": "px",
                                                    "size": 16,
                                                    "sizes": []
                                                },
                                                "classic_title_typography_font_size_tablet": {
                                                    "unit": "px",
                                                    "size": 16,
                                                    "sizes": []
                                                },
                                                "classic_title_typography_font_size_mobile": {
                                                    "unit": "px",
                                                    "size": 14,
                                                    "sizes": []
                                                },
                                                "classic_title_typography_font_weight": "bold",
                                                "classic_title_typography_text_decoration": "none",
                                                "classic_title_typography_line_height": {
                                                    "unit": "em",
                                                    "size": 1.100000000000000088817841970012523233890533447265625,
                                                    "sizes": []
                                                },
                                                "classic_meta_typography_typography": "custom",
                                                "classic_meta_typography_font_family": "Nunito Sans",
                                                "classic_meta_typography_font_size": {
                                                    "unit": "px",
                                                    "size": 10,
                                                    "sizes": []
                                                },
                                                "classic_meta_typography_font_size_tablet": {
                                                    "unit": "px",
                                                    "size": 13,
                                                    "sizes": []
                                                },
                                                "classic_meta_typography_font_size_mobile": {
                                                    "unit": "px",
                                                    "size": 12,
                                                    "sizes": []
                                                },
                                                "classic_meta_typography_font_weight": "bold",
                                                "classic_meta_typography_line_height": {
                                                    "unit": "em",
                                                    "size": "",
                                                    "sizes": []
                                                },
                                                "classic_meta_typography_letter_spacing": {
                                                    "unit": "px",
                                                    "size": 0.7199999999999999733546474089962430298328399658203125,
                                                    "sizes": []
                                                },
                                                "classic_item_ratio_mobile": {
                                                    "unit": "px",
                                                    "size": 1,
                                                    "sizes": []
                                                },
                                                "classic_image_width_mobile": {
                                                    "unit": "%",
                                                    "size": 27,
                                                    "sizes": []
                                                },
                                                "classic_box_shadow_box_shadow": {
                                                    "horizontal": 0,
                                                    "vertical": 13,
                                                    "blur": 27,
                                                    "spread": -5,
                                                    "color": "rgba(49.99999999999999, 49.99999999999999, 93, 0.255)"
                                                },
                                                "classic_title_spacing": {
                                                    "unit": "px",
                                                    "size": 8,
                                                    "sizes": []
                                                },
                                                "_padding": {
                                                    "unit": "em",
                                                    "top": "",
                                                    "right": "",
                                                    "bottom": "",
                                                    "left": "",
                                                    "isLinked": true
                                                },
                                                "_background_background": "classic",
                                                "_box_shadow_box_shadow": {
                                                    "horizontal": 0,
                                                    "vertical": 13,
                                                    "blur": 27,
                                                    "spread": -5,
                                                    "color": "rgba(50.00000000000001, 50.00000000000001, 50.00000000000001, 0.25)"
                                                },
                                                "classic_title_color": "#FBFBFE"
                                            },
                                            "elements": [],
                                            "isInner": false,
                                            "widgetType": "posts",
                                            "elType": "widget"
                                        }
                                    ],
                                    "isInner": true,
                                    "elType": "column"
                                }
                            ],
                            "isInner": true,
                            "elType": "section"
                        },
                        {
                            "id": "22a7b706",
                            "settings": {
                                "_ob_bbad_inner_width": "100%",
                                "_ob_glider_nav_pos_y_alt": "50% - 25px",
                                "_ob_glider_nav_pos_x_prev_alt": "0%",
                                "_ob_glider_nav_pos_x_next_alt": "0%"
                            },
                            "elements": [
                                {
                                    "id": "5e857e20",
                                    "settings": {
                                        "_column_size": 100,
                                        "_inline_size": null,
                                        "background_background": "classic",
                                        "border_radius": {
                                            "unit": "px",
                                            "top": "16",
                                            "right": "16",
                                            "bottom": "16",
                                            "left": "16",
                                            "isLinked": true
                                        },
                                        "box_shadow_box_shadow_type": "yes",
                                        "box_shadow_box_shadow": {
                                            "horizontal": 0,
                                            "vertical": 13,
                                            "blur": 27,
                                            "spread": -5,
                                            "color": "rgba(50.00000000000001, 50.00000000000001, 50.00000000000001, 0.25)"
                                        },
                                        "margin": {
                                            "unit": "em",
                                            "top": "0",
                                            "right": "0",
                                            "bottom": "1",
                                            "left": "0",
                                            "isLinked": false
                                        },
                                        "padding": {
                                            "unit": "em",
                                            "top": "1",
                                            "right": "1",
                                            "bottom": "1",
                                            "left": "1",
                                            "isLinked": false
                                        },
                                        "__globals__": {
                                            "background_color": "globals\/colors?id=91455cb"
                                        }
                                    },
                                    "elements": [
                                        {
                                            "id": "14dfaf5c",
                                            "settings": {
                                                "width": {
                                                    "unit": "px",
                                                    "size": 16,
                                                    "sizes": []
                                                },
                                                "align": "left",
                                                "text": "Divider",
                                                "weight": {
                                                    "unit": "px",
                                                    "size": 2.5,
                                                    "sizes": []
                                                },
                                                "gap": {
                                                    "unit": "px",
                                                    "size": 2,
                                                    "sizes": []
                                                },
                                                "_margin": {
                                                    "unit": "px",
                                                    "top": "0",
                                                    "right": "0",
                                                    "bottom": "0",
                                                    "left": "0",
                                                    "isLinked": false
                                                },
                                                "_padding": {
                                                    "unit": "px",
                                                    "top": "0",
                                                    "right": "0",
                                                    "bottom": "0",
                                                    "left": "08",
                                                    "isLinked": false
                                                },
                                                "_element_width": "auto",
                                                "_element_vertical_align": "center",
                                                "__globals__": {
                                                    "color": "globals\/colors?id=a185853"
                                                },
                                                "hide_mobile": "hidden-mobile"
                                            },
                                            "elements": [],
                                            "isInner": false,
                                            "widgetType": "divider",
                                            "elType": "widget"
                                        },
                                        {
                                            "id": "ba77e2f",
                                            "settings": {
                                                "title": "Newsletter",
                                                "_padding": {
                                                    "unit": "px",
                                                    "top": "0",
                                                    "right": "0",
                                                    "bottom": "0",
                                                    "left": "8",
                                                    "isLinked": false
                                                },
                                                "__globals__": {
                                                    "typography_typography": "",
                                                    "title_color": "globals\/colors?id=a185853"
                                                },
                                                "align_mobile": "center",
                                                "_element_width": "auto",
                                                "_element_width_mobile": "inherit",
                                                "title_color": "#EB6DEB",
                                                "typography_typography": "custom",
                                                "typography_font_family": "Nunito Sans",
                                                "typography_font_size": {
                                                    "unit": "px",
                                                    "size": 12,
                                                    "sizes": []
                                                },
                                                "typography_font_weight": "800",
                                                "typography_text_transform": "uppercase",
                                                "typography_text_decoration": "none",
                                                "typography_line_height": {
                                                    "unit": "em",
                                                    "size": "",
                                                    "sizes": []
                                                },
                                                "typography_letter_spacing": {
                                                    "unit": "px",
                                                    "size": 0.299999999999999988897769753748434595763683319091796875,
                                                    "sizes": []
                                                }
                                            },
                                            "elements": [],
                                            "isInner": false,
                                            "widgetType": "heading",
                                            "elType": "widget"
                                        },
                                        {
                                            "id": "5226158d",
                                            "settings": {
                                                "title": "Signup our newsletter to get update information, news or insight for free.",
                                                "header_size": "span",
                                                "align": "left",
                                                "__globals__": {
                                                    "typography_typography": "globals\/typography?id=b2ce6af",
                                                    "title_color": "globals\/colors?id=a291686"
                                                }
                                            },
                                            "elements": [],
                                            "isInner": false,
                                            "widgetType": "heading",
                                            "elType": "widget"
                                        },
                                        {
                                            "id": "54beda12",
                                            "settings": {
                                                "space": {
                                                    "unit": "px",
                                                    "size": 8,
                                                    "sizes": []
                                                }
                                            },
                                            "elements": [],
                                            "isInner": false,
                                            "widgetType": "spacer",
                                            "elType": "widget"
                                        },
                                        {
                                            "id": "36078b86",
                                            "settings": {
                                                "form_name": "New Form",
                                                "form_fields": [
                                                    {
                                                        "custom_id": "email",
                                                        "field_type": "email",
                                                        "required": "true",
                                                        "field_label": "Email",
                                                        "placeholder": "Email",
                                                        "_id": "a05e9c8"
                                                    }
                                                ],
                                                "show_labels": "",
                                                "step_next_label": "Next",
                                                "step_previous_label": "Previous",
                                                "button_text": "Send",
                                                "email_content": "[all-fields]",
                                                "email_content_2": "[all-fields]",
                                                "success_message": "The form was sent successfully.",
                                                "error_message": "An error occurred.",
                                                "required_field_message": "This field is required.",
                                                "invalid_message": "There's something wrong. The form is invalid."
                                            },
                                            "elements": [],
                                            "isInner": false,
                                            "widgetType": "form",
                                            "elType": "widget"
                                        }
                                    ],
                                    "isInner": true,
                                    "elType": "column"
                                }
                            ],
                            "isInner": true,
                            "elType": "section"
                        }
                    ],
                    "isInner": false,
                    "elType": "column"
                }
            ],
            "isInner": false,
            "elType": "section"
        },
        {
            "id": "fc1e531",
            "settings": {
                "_ob_glider_nav_pos_y_alt": "50% - 25px",
                "_ob_glider_nav_pos_x_prev_alt": "0%",
                "_ob_glider_nav_pos_x_next_alt": "0%",
                "background_background": "classic",
                "padding": {
                    "unit": "em",
                    "top": "07",
                    "right": "0",
                    "bottom": "7",
                    "left": "0",
                    "isLinked": false
                },
                "__globals__": {
                    "background_color": "globals\/colors?id=91455cb",
                    "background_color_b": "globals\/colors?id=91455cb"
                },
                "background_color_b": "#070735",
                "background_color_b_stop": {
                    "unit": "%",
                    "size": 36,
                    "sizes": []
                },
                "background_gradient_angle": {
                    "unit": "deg",
                    "size": 150,
                    "sizes": []
                },
                "background_overlay_background": "classic",
                "background_overlay_image": {
                    "url": "https:\/\/demo.moxcreative.com\/vella\/wp-content\/uploads\/sites\/69\/2021\/10\/Section-Background-dark.jpg",
                    "id": 1215,
                    "alt": "",
                    "source": "library"
                },
                "background_overlay_position": "center center",
                "background_overlay_attachment": "fixed",
                "background_overlay_repeat": "no-repeat",
                "background_overlay_size": "cover",
                "background_overlay_opacity": {
                    "unit": "px",
                    "size": 0.0899999999999999966693309261245303787291049957275390625,
                    "sizes": []
                },
                "padding_mobile": {
                    "unit": "em",
                    "top": "2",
                    "right": "0",
                    "bottom": "02",
                    "left": "0",
                    "isLinked": false
                }
            },
            "elements": [
                {
                    "id": "21d613be",
                    "settings": {
                        "_column_size": 100,
                        "_inline_size": 100,
                        "align": "center"
                    },
                    "elements": [
                        {
                            "id": "75abf15b",
                            "settings": {
                                "title": "Ready To Beat A Giant?",
                                "align": "center",
                                "__globals__": {
                                    "typography_typography": "globals\/typography?id=5d167aa",
                                    "title_color": "globals\/colors?id=a291686"
                                },
                                "_element_width": "initial",
                                "_element_width_mobile": "inherit",
                                "_element_custom_width": {
                                    "unit": "%",
                                    "size": 50,
                                    "sizes": []
                                }
                            },
                            "elements": [],
                            "isInner": false,
                            "widgetType": "heading",
                            "elType": "widget"
                        },
                        {
                            "id": "b7f218f",
                            "settings": {
                                "title": "[ gi\u00b7ant ] \/\u02c8j\u012b\u0259nt\/ : a very large company or organization.\n",
                                "align": "center",
                                "__globals__": {
                                    "typography_typography": "globals\/typography?id=84ca66e",
                                    "title_color": "globals\/colors?id=a291686"
                                },
                                "_element_custom_width": {
                                    "unit": "%",
                                    "size": 50,
                                    "sizes": []
                                }
                            },
                            "elements": [],
                            "isInner": false,
                            "widgetType": "heading",
                            "elType": "widget"
                        },
                        {
                            "id": "4ec90958",
                            "settings": {
                                "text": "Contact Us",
                                "align": "center",
                                "size": "md",
                                "background_color_stop": {
                                    "unit": "%",
                                    "size": 30,
                                    "sizes": []
                                },
                                "background_gradient_angle": {
                                    "unit": "deg",
                                    "size": 140,
                                    "sizes": []
                                },
                                "_margin": {
                                    "unit": "em",
                                    "top": "02",
                                    "right": "0",
                                    "bottom": "0",
                                    "left": "0",
                                    "isLinked": false
                                },
                                "__globals__": {
                                    "background_color": "globals\/colors?id=a185853",
                                    "button_background_hover_color": "globals\/colors?id=dea41e4",
                                    "background_color_b": "globals\/colors?id=a185853",
                                    "button_text_color": "globals\/colors?id=a291686"
                                }
                            },
                            "elements": [],
                            "isInner": false,
                            "widgetType": "button",
                            "elType": "widget"
                        }
                    ],
                    "isInner": false,
                    "elType": "column"
                }
            ],
            "isInner": false,
            "elType": "section"
        }
    ],
    "page_settings": {
        "eael_ext_toc_title": "Table of Contents"
    }
}